acid_id,acid_name,formula,concentration_pct,temperature_c,density_kg_l
nitric,硝酸,HNO3,1,0,1.0058
nitric,硝酸,HNO3,1,5,1.00572
nitric,硝酸,HNO3,1,10,1.00534
nitric,硝酸,HNO3,1,15,1.00464
nitric,硝酸,HNO3,1,20,1.00364
nitric,硝酸,HNO3,1,25,1.00241
nitric,硝酸,HNO3,1,30,1.0009
nitric,硝酸,HNO3,1,40,0.9973
nitric,硝酸,HNO3,1,50,0.9931
nitric,硝酸,HNO3,1,60,0.9882
nitric,硝酸,HNO3,1,80,0.9767
nitric,硝酸,HNO3,1,100,0.9632
nitric,硝酸,HNO3,2,0,1.0117
nitric,硝酸,HNO3,2,5,1.01149
nitric,硝酸,HNO3,2,10,1.01099
nitric,硝酸,HNO3,2,15,1.01018
nitric,硝酸,HNO3,2,20,1.00909
nitric,硝酸,HNO3,2,25,1.00778
nitric,硝酸,HNO3,2,30,1.0061
nitric,硝酸,HNO3,2,40,1.0025
nitric,硝酸,HNO3,2,50,0.9982
nitric,硝酸,HNO3,2,60,0.9932
nitric,硝酸,HNO3,2,80,0.9816
nitric,硝酸,HNO3,2,100,0.9681
nitric,硝酸,HNO3,3,0,1.0176
nitric,硝酸,HNO3,3,5,1.0173
nitric,硝酸,HNO3,3,10,1.01668
nitric,硝酸,HNO3,3,15,1.01576
nitric,硝酸,HNO3,3,20,1.01457
nitric,硝酸,HNO3,3,25,1.01318
nitric,硝酸,HNO3,3,30,1.0114
nitric,硝酸,HNO3,3,40,1.0077
nitric,硝酸,HNO3,3,50,1.0033
nitric,硝酸,HNO3,3,60,0.9982
nitric,硝酸,HNO3,3,80,0.9865
nitric,硝酸,HNO3,3,100,0.973
nitric,硝酸,HNO3,4,0,1.0236
nitric,硝酸,HNO3,4,5,1.02315
nitric,硝酸,HNO3,4,10,1.0224
nitric,硝酸,HNO3,4,15,1.02137
nitric,硝酸,HNO3,4,20,1.02008
nitric,硝酸,HNO3,4,25,1.01861
nitric,硝酸,HNO3,4,30,1.0168
nitric,硝酸,HNO3,4,40,1.0129
nitric,硝酸,HNO3,4,50,1.0084
nitric,硝酸,HNO3,4,60,1.0033
nitric,硝酸,HNO3,4,80,0.9915
nitric,硝酸,HNO3,4,100,0.9779
nitric,硝酸,HNO3,5,0,1.0296
nitric,硝酸,HNO3,5,5,1.02904
nitric,硝酸,HNO3,5,10,1.02816
nitric,硝酸,HNO3,5,15,1.02702
nitric,硝酸,HNO3,5,20,1.02563
nitric,硝酸,HNO3,5,25,1.02408
nitric,硝酸,HNO3,5,30,1.0222
nitric,硝酸,HNO3,5,40,1.0182
nitric,硝酸,HNO3,5,50,1.0136
nitric,硝酸,HNO3,5,60,1.0084
nitric,硝酸,HNO3,5,80,0.9965
nitric,硝酸,HNO3,5,100,0.9829
nitric,硝酸,HNO3,6,0,1.0357
nitric,硝酸,HNO3,6,5,1.03497
nitric,硝酸,HNO3,6,10,1.03397
nitric,硝酸,HNO3,6,15,1.03272
nitric,硝酸,HNO3,6,20,1.03122
nitric,硝酸,HNO3,6,25,1.02958
nitric,硝酸,HNO3,6,30,1.0277
nitric,硝酸,HNO3,6,40,1.0235
nitric,硝酸,HNO3,6,50,1.0188
nitric,硝酸,HNO3,6,60,1.0136
nitric,硝酸,HNO3,6,80,1.0015
nitric,硝酸,HNO3,6,100,0.9879
nitric,硝酸,HNO3,7,0,1.0418
nitric,硝酸,HNO3,7,5,1.041
nitric,硝酸,HNO3,7,10,1.0399
nitric,硝酸,HNO3,7,15,1.0385
nitric,硝酸,HNO3,7,20,1.0369
nitric,硝酸,HNO3,7,25,1.0352
nitric,硝酸,HNO3,7,30,1.0333
nitric,硝酸,HNO3,7,40,1.0289
nitric,硝酸,HNO3,7,50,1.0241
nitric,硝酸,HNO3,7,60,1.0188
nitric,硝酸,HNO3,7,80,1.0066
nitric,硝酸,HNO3,7,100,0.9929
nitric,硝酸,HNO3,8,0,1.048
nitric,硝酸,HNO3,8,5,1.0471
nitric,硝酸,HNO3,8,10,1.0458
nitric,硝酸,HNO3,8,15,1.0443
nitric,硝酸,HNO3,8,20,1.0427
nitric,硝酸,HNO3,8,25,1.0409
nitric,硝酸,HNO3,8,30,1.0389
nitric,硝酸,HNO3,8,40,1.0344
nitric,硝酸,HNO3,8,50,1.0295
nitric,硝酸,HNO3,8,60,1.0241
nitric,硝酸,HNO3,8,80,1.0117
nitric,硝酸,HNO3,8,100,0.998
nitric,硝酸,HNO3,9,0,1.0543
nitric,硝酸,HNO3,9,5,1.0532
nitric,硝酸,HNO3,9,10,1.0518
nitric,硝酸,HNO3,9,15,1.0502
nitric,硝酸,HNO3,9,20,1.0485
nitric,硝酸,HNO3,9,25,1.0466
nitric,硝酸,HNO3,9,30,1.0446
nitric,硝酸,HNO3,9,40,1.0399
nitric,硝酸,HNO3,9,50,1.0349
nitric,硝酸,HNO3,9,60,1.0294
nitric,硝酸,HNO3,9,80,1.0169
nitric,硝酸,HNO3,9,100,1.0032
nitric,硝酸,HNO3,10,0,1.0606
nitric,硝酸,HNO3,10,5,1.0594
nitric,硝酸,HNO3,10,10,1.0578
nitric,硝酸,HNO3,10,15,1.0561
nitric,硝酸,HNO3,10,20,1.0543
nitric,硝酸,HNO3,10,25,1.0523
nitric,硝酸,HNO3,10,30,1.0503
nitric,硝酸,HNO3,10,40,1.0455
nitric,硝酸,HNO3,10,50,1.0403
nitric,硝酸,HNO3,10,60,1.0347
nitric,硝酸,HNO3,10,80,1.0221
nitric,硝酸,HNO3,10,100,1.0083
nitric,硝酸,HNO3,11,0,1.0669
nitric,硝酸,HNO3,11,5,1.0656
nitric,硝酸,HNO3,11,10,1.0639
nitric,硝酸,HNO3,11,15,1.0621
nitric,硝酸,HNO3,11,20,1.0602
nitric,硝酸,HNO3,11,25,1.0581
nitric,硝酸,HNO3,11,30,1.056
nitric,硝酸,HNO3,11,40,1.0511
nitric,硝酸,HNO3,11,50,1.0458
nitric,硝酸,HNO3,11,60,1.0401
nitric,硝酸,HNO3,11,80,1.0273
nitric,硝酸,HNO3,11,100,1.0134
nitric,硝酸,HNO3,12,0,1.0733
nitric,硝酸,HNO3,12,5,1.0718
nitric,硝酸,HNO3,12,10,1.07
nitric,硝酸,HNO3,12,15,1.0681
nitric,硝酸,HNO3,12,20,1.0661
nitric,硝酸,HNO3,12,25,1.064
nitric,硝酸,HNO3,12,30,1.0618
nitric,硝酸,HNO3,12,40,1.0567
nitric,硝酸,HNO3,12,50,1.0513
nitric,硝酸,HNO3,12,60,1.0455
nitric,硝酸,HNO3,12,80,1.0326
nitric,硝酸,HNO3,12,100,1.0186
nitric,硝酸,HNO3,13,0,1.0797
nitric,硝酸,HNO3,13,5,1.0781
nitric,硝酸,HNO3,13,10,1.0762
nitric,硝酸,HNO3,13,15,1.0742
nitric,硝酸,HNO3,13,20,1.0721
nitric,硝酸,HNO3,13,25,1.0699
nitric,硝酸,HNO3,13,30,1.0676
nitric,硝酸,HNO3,13,40,1.0624
nitric,硝酸,HNO3,13,50,1.0568
nitric,硝酸,HNO3,13,60,1.0509
nitric,硝酸,HNO3,13,80,1.0379
nitric,硝酸,HNO3,13,100,1.0238
nitric,硝酸,HNO3,14,0,1.0862
nitric,硝酸,HNO3,14,5,1.0845
nitric,硝酸,HNO3,14,10,1.0824
nitric,硝酸,HNO3,14,15,1.0803
nitric,硝酸,HNO3,14,20,1.0781
nitric,硝酸,HNO3,14,25,1.0758
nitric,硝酸,HNO3,14,30,1.0735
nitric,硝酸,HNO3,14,40,1.0681
nitric,硝酸,HNO3,14,50,1.0624
nitric,硝酸,HNO3,14,60,1.0564
nitric,硝酸,HNO3,14,80,1.0432
nitric,硝酸,HNO3,14,100,1.0289
nitric,硝酸,HNO3,15,0,1.0927
nitric,硝酸,HNO3,15,5,1.0909
nitric,硝酸,HNO3,15,10,1.0887
nitric,硝酸,HNO3,15,15,1.0865
nitric,硝酸,HNO3,15,20,1.0842
nitric,硝酸,HNO3,15,25,1.0818
nitric,硝酸,HNO3,15,30,1.0794
nitric,硝酸,HNO3,15,40,1.0739
nitric,硝酸,HNO3,15,50,1.068
nitric,硝酸,HNO3,15,60,1.0619
nitric,硝酸,HNO3,15,80,1.0485
nitric,硝酸,HNO3,15,100,1.0341
nitric,硝酸,HNO3,16,0,1.0992
nitric,硝酸,HNO3,16,5,1.0973
nitric,硝酸,HNO3,16,10,1.095
nitric,硝酸,HNO3,16,15,1.0927
nitric,硝酸,HNO3,16,20,1.0903
nitric,硝酸,HNO3,16,25,1.0879
nitric,硝酸,HNO3,16,30,1.0854
nitric,硝酸,HNO3,16,40,1.0797
nitric,硝酸,HNO3,16,50,1.0737
nitric,硝酸,HNO3,16,60,1.0675
nitric,硝酸,HNO3,16,80,1.0538
nitric,硝酸,HNO3,16,100,1.0393
nitric,硝酸,HNO3,17,0,1.1057
nitric,硝酸,HNO3,17,5,1.1038
nitric,硝酸,HNO3,17,10,1.1014
nitric,硝酸,HNO3,17,15,1.0989
nitric,硝酸,HNO3,17,20,1.0964
nitric,硝酸,HNO3,17,25,1.094
nitric,硝酸,HNO3,17,30,1.0914
nitric,硝酸,HNO3,17,40,1.0855
nitric,硝酸,HNO3,17,50,1.0794
nitric,硝酸,HNO3,17,60,1.0731
nitric,硝酸,HNO3,17,80,1.0592
nitric,硝酸,HNO3,17,100,1.0444
nitric,硝酸,HNO3,18,0,1.1123
nitric,硝酸,HNO3,18,5,1.1103
nitric,硝酸,HNO3,18,10,1.1078
nitric,硝酸,HNO3,18,15,1.1052
nitric,硝酸,HNO3,18,20,1.1026
nitric,硝酸,HNO3,18,25,1.1001
nitric,硝酸,HNO3,18,30,1.0974
nitric,硝酸,HNO3,18,40,1.0913
nitric,硝酸,HNO3,18,50,1.0851
nitric,硝酸,HNO3,18,60,1.0787
nitric,硝酸,HNO3,18,80,1.0646
nitric,硝酸,HNO3,18,100,1.0496
nitric,硝酸,HNO3,19,0,1.1189
nitric,硝酸,HNO3,19,5,1.1168
nitric,硝酸,HNO3,19,10,1.1142
nitric,硝酸,HNO3,19,15,1.1115
nitric,硝酸,HNO3,19,20,1.1088
nitric,硝酸,HNO3,19,25,1.1062
nitric,硝酸,HNO3,19,30,1.1034
nitric,硝酸,HNO3,19,40,1.0972
nitric,硝酸,HNO3,19,50,1.0908
nitric,硝酸,HNO3,19,60,1.0843
nitric,硝酸,HNO3,19,80,1.07
nitric,硝酸,HNO3,19,100,1.0547
nitric,硝酸,HNO3,20,0,1.1255
nitric,硝酸,HNO3,20,5,1.1234
nitric,硝酸,HNO3,20,10,1.1206
nitric,硝酸,HNO3,20,15,1.1178
nitric,硝酸,HNO3,20,20,1.115
nitric,硝酸,HNO3,20,25,1.1123
nitric,硝酸,HNO3,20,30,1.1094
nitric,硝酸,HNO3,20,40,1.1031
nitric,硝酸,HNO3,20,50,1.0966
nitric,硝酸,HNO3,20,60,1.0899
nitric,硝酸,HNO3,20,80,1.0754
nitric,硝酸,HNO3,20,100,1.0598
nitric,硝酸,HNO3,21,0,1.1322
nitric,硝酸,HNO3,21,5,1.13
nitric,硝酸,HNO3,21,10,1.1271
nitric,硝酸,HNO3,21,15,1.1242
nitric,硝酸,HNO3,21,20,1.1213
nitric,硝酸,HNO3,21,25,1.1185
nitric,硝酸,HNO3,21,30,1.1155
nitric,硝酸,HNO3,21,40,1.109
nitric,硝酸,HNO3,21,50,1.1024
nitric,硝酸,HNO3,21,60,1.0956
nitric,硝酸,HNO3,21,80,1.0808
nitric,硝酸,HNO3,21,100,1.065
nitric,硝酸,HNO3,22,0,1.1389
nitric,硝酸,HNO3,22,5,1.1366
nitric,硝酸,HNO3,22,10,1.1336
nitric,硝酸,HNO3,22,15,1.1306
nitric,硝酸,HNO3,22,20,1.1276
nitric,硝酸,HNO3,22,25,1.1247
nitric,硝酸,HNO3,22,30,1.1217
nitric,硝酸,HNO3,22,40,1.115
nitric,硝酸,HNO3,22,50,1.1083
nitric,硝酸,HNO3,22,60,1.1013
nitric,硝酸,HNO3,22,80,1.0862
nitric,硝酸,HNO3,22,100,1.0701
nitric,硝酸,HNO3,23,0,1.1457
nitric,硝酸,HNO3,23,5,1.1433
nitric,硝酸,HNO3,23,10,1.1402
nitric,硝酸,HNO3,23,15,1.1371
nitric,硝酸,HNO3,23,20,1.134
nitric,硝酸,HNO3,23,25,1.131
nitric,硝酸,HNO3,23,30,1.128
nitric,硝酸,HNO3,23,40,1.121
nitric,硝酸,HNO3,23,50,1.1142
nitric,硝酸,HNO3,23,60,1.107
nitric,硝酸,HNO3,23,80,1.0917
nitric,硝酸,HNO3,23,100,1.0753
nitric,硝酸,HNO3,24,0,1.1525
nitric,硝酸,HNO3,24,5,1.1501
nitric,硝酸,HNO3,24,10,1.1469
nitric,硝酸,HNO3,24,15,1.1437
nitric,硝酸,HNO3,24,20,1.1404
nitric,硝酸,HNO3,24,25,1.1374
nitric,硝酸,HNO3,24,30,1.1343
nitric,硝酸,HNO3,24,40,1.1271
nitric,硝酸,HNO3,24,50,1.1201
nitric,硝酸,HNO3,24,60,1.1127
nitric,硝酸,HNO3,24,80,1.0972
nitric,硝酸,HNO3,24,100,1.0805
nitric,硝酸,HNO3,25,0,1.1594
nitric,硝酸,HNO3,25,5,1.1569
nitric,硝酸,HNO3,25,10,1.1536
nitric,硝酸,HNO3,25,15,1.1503
nitric,硝酸,HNO3,25,20,1.1469
nitric,硝酸,HNO3,25,25,1.1438
nitric,硝酸,HNO3,25,30,1.1406
nitric,硝酸,HNO3,25,40,1.1332
nitric,硝酸,HNO3,25,50,1.126
nitric,硝酸,HNO3,25,60,1.1185
nitric,硝酸,HNO3,25,80,1.1027
nitric,硝酸,HNO3,25,100,1.0857
nitric,硝酸,HNO3,26,0,1.1663
nitric,硝酸,HNO3,26,5,1.1638
nitric,硝酸,HNO3,26,10,1.1603
nitric,硝酸,HNO3,26,15,1.1569
nitric,硝酸,HNO3,26,20,1.1534
nitric,硝酸,HNO3,26,25,1.1502
nitric,硝酸,HNO3,26,30,1.1469
nitric,硝酸,HNO3,26,40,1.1394
nitric,硝酸,HNO3,26,50,1.132
nitric,硝酸,HNO3,26,60,1.1244
nitric,硝酸,HNO3,26,80,1.1083
nitric,硝酸,HNO3,26,100,1.091
nitric,硝酸,HNO3,27,0,1.1733
nitric,硝酸,HNO3,27,5,1.1707
nitric,硝酸,HNO3,27,10,1.167
nitric,硝酸,HNO3,27,15,1.1635
nitric,硝酸,HNO3,27,20,1.16
nitric,硝酸,HNO3,27,25,1.1566
nitric,硝酸,HNO3,27,30,1.1533
nitric,硝酸,HNO3,27,40,1.1456
nitric,硝酸,HNO3,27,50,1.1381
nitric,硝酸,HNO3,27,60,1.1303
nitric,硝酸,HNO3,27,80,1.1139
nitric,硝酸,HNO3,27,100,1.0963
nitric,硝酸,HNO3,28,0,1.1803
nitric,硝酸,HNO3,28,5,1.1777
nitric,硝酸,HNO3,28,10,1.1738
nitric,硝酸,HNO3,28,15,1.1702
nitric,硝酸,HNO3,28,20,1.1666
nitric,硝酸,HNO3,28,25,1.1631
nitric,硝酸,HNO3,28,30,1.1597
nitric,硝酸,HNO3,28,40,1.1519
nitric,硝酸,HNO3,28,50,1.1442
nitric,硝酸,HNO3,28,60,1.1362
nitric,硝酸,HNO3,28,80,1.1195
nitric,硝酸,HNO3,28,100,1.1016
nitric,硝酸,HNO3,29,0,1.1874
nitric,硝酸,HNO3,29,5,1.1847
nitric,硝酸,HNO3,29,10,1.1807
nitric,硝酸,HNO3,29,15,1.177
nitric,硝酸,HNO3,29,20,1.1733
nitric,硝酸,HNO3,29,25,1.1697
nitric,硝酸,HNO3,29,30,1.1662
nitric,硝酸,HNO3,29,40,1.1582
nitric,硝酸,HNO3,29,50,1.1503
nitric,硝酸,HNO3,29,60,1.1422
nitric,硝酸,HNO3,29,80,1.1251
nitric,硝酸,HNO3,29,100,1.1069
nitric,硝酸,HNO3,30,0,1.1945
nitric,硝酸,HNO3,30,5,1.1917
nitric,硝酸,HNO3,30,10,1.1876
nitric,硝酸,HNO3,30,15,1.1838
nitric,硝酸,HNO3,30,20,1.18
nitric,硝酸,HNO3,30,25,1.1763
nitric,硝酸,HNO3,30,30,1.1727
nitric,硝酸,HNO3,30,40,1.1645
nitric,硝酸,HNO3,30,50,1.1564
nitric,硝酸,HNO3,30,60,1.1482
nitric,硝酸,HNO3,30,80,1.1307
nitric,硝酸,HNO3,30,100,1.1122
nitric,硝酸,HNO3,31,0,1.2016
nitric,硝酸,HNO3,31,5,1.1988
nitric,硝酸,HNO3,31,10,1.1945
nitric,硝酸,HNO3,31,15,1.1906
nitric,硝酸,HNO3,31,20,1.1867
nitric,硝酸,HNO3,31,25,1.1829
nitric,硝酸,HNO3,31,30,1.1792
nitric,硝酸,HNO3,31,40,1.1708
nitric,硝酸,HNO3,31,50,1.1625
nitric,硝酸,HNO3,31,60,1.1542
nitric,硝酸,HNO3,31,80,1.1363
nitric,硝酸,HNO3,31,100,1.1175
nitric,硝酸,HNO3,32,0,1.2088
nitric,硝酸,HNO3,32,5,1.2059
nitric,硝酸,HNO3,32,10,1.2014
nitric,硝酸,HNO3,32,15,1.1974
nitric,硝酸,HNO3,32,20,1.1934
nitric,硝酸,HNO3,32,25,1.1896
nitric,硝酸,HNO3,32,30,1.1857
nitric,硝酸,HNO3,32,40,1.1772
nitric,硝酸,HNO3,32,50,1.1687
nitric,硝酸,HNO3,32,60,1.1602
nitric,硝酸,HNO3,32,80,1.1419
nitric,硝酸,HNO3,32,100,1.1228
nitric,硝酸,HNO3,33,0,1.216
nitric,硝酸,HNO3,33,5,1.2131
nitric,硝酸,HNO3,33,10,1.2084
nitric,硝酸,HNO3,33,15,1.2043
nitric,硝酸,HNO3,33,20,1.2002
nitric,硝酸,HNO3,33,25,1.1963
nitric,硝酸,HNO3,33,30,1.1922
nitric,硝酸,HNO3,33,40,1.1836
nitric,硝酸,HNO3,33,50,1.1749
nitric,硝酸,HNO3,33,60,1.1662
nitric,硝酸,HNO3,33,80,1.1476
nitric,硝酸,HNO3,33,100,1.1281
nitric,硝酸,HNO3,34,0,1.2233
nitric,硝酸,HNO3,34,5,1.2203
nitric,硝酸,HNO3,34,10,1.2155
nitric,硝酸,HNO3,34,15,1.2113
nitric,硝酸,HNO3,34,20,1.2071
nitric,硝酸,HNO3,34,25,1.203
nitric,硝酸,HNO3,34,30,1.1988
nitric,硝酸,HNO3,34,40,1.1901
nitric,硝酸,HNO3,34,50,1.1812
nitric,硝酸,HNO3,34,60,1.1723
nitric,硝酸,HNO3,34,80,1.1533
nitric,硝酸,HNO3,34,100,1.1335
nitric,硝酸,HNO3,35,0,1.2306
nitric,硝酸,HNO3,35,5,1.2275
nitric,硝酸,HNO3,35,10,1.2227
nitric,硝酸,HNO3,35,15,1.2183
nitric,硝酸,HNO3,35,20,1.214
nitric,硝酸,HNO3,35,25,1.2098
nitric,硝酸,HNO3,35,30,1.2055
nitric,硝酸,HNO3,35,40,1.1966
nitric,硝酸,HNO3,35,50,1.1876
nitric,硝酸,HNO3,35,60,1.1784
nitric,硝酸,HNO3,35,80,1.1591
nitric,硝酸,HNO3,35,100,1.139
nitric,硝酸,HNO3,36,0,1.2375
nitric,硝酸,HNO3,36,5,1.2344
nitric,硝酸,HNO3,36,10,1.2294
nitric,硝酸,HNO3,36,15,1.2249
nitric,硝酸,HNO3,36,20,1.2205
nitric,硝酸,HNO3,36,25,1.2163
nitric,硝酸,HNO3,36,30,1.2119
nitric,硝酸,HNO3,36,40,1.2028
nitric,硝酸,HNO3,36,50,1.1936
nitric,硝酸,HNO3,36,60,1.1842
nitric,硝酸,HNO3,36,80,1.1645
nitric,硝酸,HNO3,36,100,1.144
nitric,硝酸,HNO3,37,0,1.2444
nitric,硝酸,HNO3,37,5,1.2412
nitric,硝酸,HNO3,37,10,1.2361
nitric,硝酸,HNO3,37,15,1.2315
nitric,硝酸,HNO3,37,20,1.227
nitric,硝酸,HNO3,37,25,1.2227
nitric,硝酸,HNO3,37,30,1.2182
nitric,硝酸,HNO3,37,40,1.2089
nitric,硝酸,HNO3,37,50,1.1995
nitric,硝酸,HNO3,37,60,1.1899
nitric,硝酸,HNO3,37,80,1.1699
nitric,硝酸,HNO3,37,100,1.149
nitric,硝酸,HNO3,38,0,1.2513
nitric,硝酸,HNO3,38,5,1.2479
nitric,硝酸,HNO3,38,10,1.2428
nitric,硝酸,HNO3,38,15,1.2381
nitric,硝酸,HNO3,38,20,1.2335
nitric,硝酸,HNO3,38,25,1.2291
nitric,硝酸,HNO3,38,30,1.2245
nitric,硝酸,HNO3,38,40,1.215
nitric,硝酸,HNO3,38,50,1.2054
nitric,硝酸,HNO3,38,60,1.1956
nitric,硝酸,HNO3,38,80,1.1752
nitric,硝酸,HNO3,38,100,1.154
nitric,硝酸,HNO3,39,0,1.2581
nitric,硝酸,HNO3,39,5,1.2546
nitric,硝酸,HNO3,39,10,1.2494
nitric,硝酸,HNO3,39,15,1.2446
nitric,硝酸,HNO3,39,20,1.2399
nitric,硝酸,HNO3,39,25,1.2354
nitric,硝酸,HNO3,39,30,1.2308
nitric,硝酸,HNO3,39,40,1.221
nitric,硝酸,HNO3,39,50,1.2112
nitric,硝酸,HNO3,39,60,1.2013
nitric,硝酸,HNO3,39,80,1.1805
nitric,硝酸,HNO3,39,100,1.1589
nitric,硝酸,HNO3,40,0,1.2649
nitric,硝酸,HNO3,40,5,1.2613
nitric,硝酸,HNO3,40,10,1.256
nitric,硝酸,HNO3,40,15,1.2511
nitric,硝酸,HNO3,40,20,1.2463
nitric,硝酸,HNO3,40,25,1.2417
nitric,硝酸,HNO3,40,30,1.237
nitric,硝酸,HNO3,40,40,1.227
nitric,硝酸,HNO3,40,50,1.217
nitric,硝酸,HNO3,40,60,1.2069
nitric,硝酸,HNO3,40,80,1.1858
nitric,硝酸,HNO3,40,100,1.1638
nitric,硝酸,HNO3,41,0,1.2717
nitric,硝酸,HNO3,41,5,1.268
nitric,硝酸,HNO3,41,10,1.2626
nitric,硝酸,HNO3,41,15,1.2576
nitric,硝酸,HNO3,41,20,1.2527
nitric,硝酸,HNO3,41,25,1.248
nitric,硝酸,HNO3,41,30,1.2432
nitric,硝酸,HNO3,41,40,1.233
nitric,硝酸,HNO3,41,50,1.2229
nitric,硝酸,HNO3,41,60,1.2126
nitric,硝酸,HNO3,41,80,1.1911
nitric,硝酸,HNO3,41,100,1.1687
nitric,硝酸,HNO3,42,0,1.2786
nitric,硝酸,HNO3,42,5,1.2747
nitric,硝酸,HNO3,42,10,1.2692
nitric,硝酸,HNO3,42,15,1.2641
nitric,硝酸,HNO3,42,20,1.2591
nitric,硝酸,HNO3,42,25,1.2543
nitric,硝酸,HNO3,42,30,1.2494
nitric,硝酸,HNO3,42,40,1.239
nitric,硝酸,HNO3,42,50,1.2287
nitric,硝酸,HNO3,42,60,1.2182
nitric,硝酸,HNO3,42,80,1.1963
nitric,硝酸,HNO3,42,100,1.1735
nitric,硝酸,HNO3,43,0,1.2854
nitric,硝酸,HNO3,43,5,1.2814
nitric,硝酸,HNO3,43,10,1.2758
nitric,硝酸,HNO3,43,15,1.2706
nitric,硝酸,HNO3,43,20,1.2655
nitric,硝酸,HNO3,43,25,1.2606
nitric,硝酸,HNO3,43,30,1.2556
nitric,硝酸,HNO3,43,40,1.245
nitric,硝酸,HNO3,43,50,1.2345
nitric,硝酸,HNO3,43,60,1.2238
nitric,硝酸,HNO3,43,80,1.2015
nitric,硝酸,HNO3,43,100,1.1783
nitric,硝酸,HNO3,44,0,1.2922
nitric,硝酸,HNO3,44,5,1.288
nitric,硝酸,HNO3,44,10,1.2824
nitric,硝酸,HNO3,44,15,1.2771
nitric,硝酸,HNO3,44,20,1.2719
nitric,硝酸,HNO3,44,25,1.2669
nitric,硝酸,HNO3,44,30,1.2618
nitric,硝酸,HNO3,44,40,1.251
nitric,硝酸,HNO3,44,50,1.2403
nitric,硝酸,HNO3,44,60,1.2294
nitric,硝酸,HNO3,44,80,1.2067
nitric,硝酸,HNO3,44,100,1.1831
nitric,硝酸,HNO3,45,0,1.299
nitric,硝酸,HNO3,45,5,1.2947
nitric,硝酸,HNO3,45,10,1.289
nitric,硝酸,HNO3,45,15,1.2836
nitric,硝酸,HNO3,45,20,1.2783
nitric,硝酸,HNO3,45,25,1.2732
nitric,硝酸,HNO3,45,30,1.268
nitric,硝酸,HNO3,45,40,1.257
nitric,硝酸,HNO3,45,50,1.2461
nitric,硝酸,HNO3,45,60,1.235
nitric,硝酸,HNO3,45,80,1.2119
nitric,硝酸,HNO3,45,100,1.1879
nitric,硝酸,HNO3,46,0,1.3058
nitric,硝酸,HNO3,46,5,1.3014
nitric,硝酸,HNO3,46,10,1.2955
nitric,硝酸,HNO3,46,15,1.2901
nitric,硝酸,HNO3,46,20,1.2847
nitric,硝酸,HNO3,46,25,1.2795
nitric,硝酸,HNO3,46,30,1.2742
nitric,硝酸,HNO3,46,40,1.263
nitric,硝酸,HNO3,46,50,1.2519
nitric,硝酸,HNO3,46,60,1.2406
nitric,硝酸,HNO3,46,80,1.2171
nitric,硝酸,HNO3,46,100,1.1927
nitric,硝酸,HNO3,47,0,1.3126
nitric,硝酸,HNO3,47,5,1.308
nitric,硝酸,HNO3,47,10,1.3021
nitric,硝酸,HNO3,47,15,1.2966
nitric,硝酸,HNO3,47,20,1.2911
nitric,硝酸,HNO3,47,25,1.2858
nitric,硝酸,HNO3,47,30,1.2804
nitric,硝酸,HNO3,47,40,1.269
nitric,硝酸,HNO3,47,50,1.2577
nitric,硝酸,HNO3,47,60,1.2462
nitric,硝酸,HNO3,47,80,1.2223
nitric,硝酸,HNO3,47,100,1.1976
nitric,硝酸,HNO3,48,0,1.3194
nitric,硝酸,HNO3,48,5,1.3147
nitric,硝酸,HNO3,48,10,1.3087
nitric,硝酸,HNO3,48,15,1.3031
nitric,硝酸,HNO3,48,20,1.2975
nitric,硝酸,HNO3,48,25,1.2921
nitric,硝酸,HNO3,48,30,1.2867
nitric,硝酸,HNO3,48,40,1.275
nitric,硝酸,HNO3,48,50,1.2635
nitric,硝酸,HNO3,48,60,1.2518
nitric,硝酸,HNO3,48,80,1.2275
nitric,硝酸,HNO3,48,100,1.2024
nitric,硝酸,HNO3,49,0,1.3263
nitric,硝酸,HNO3,49,5,1.3214
nitric,硝酸,HNO3,49,10,1.3153
nitric,硝酸,HNO3,49,15,1.3096
nitric,硝酸,HNO3,49,20,1.304
nitric,硝酸,HNO3,49,25,1.2984
nitric,硝酸,HNO3,49,30,1.2929
nitric,硝酸,HNO3,49,40,1.2811
nitric,硝酸,HNO3,49,50,1.2693
nitric,硝酸,HNO3,49,60,1.2575
nitric,硝酸,HNO3,49,80,1.2328
nitric,硝酸,HNO3,49,100,1.2073
nitric,硝酸,HNO3,50,0,1.3327
nitric,硝酸,HNO3,50,5,1.3277
nitric,硝酸,HNO3,50,10,1.3215
nitric,硝酸,HNO3,50,15,1.3157
nitric,硝酸,HNO3,50,20,1.31
nitric,硝酸,HNO3,50,25,1.3043
nitric,硝酸,HNO3,50,30,1.2987
nitric,硝酸,HNO3,50,40,1.2867
nitric,硝酸,HNO3,50,50,1.2748
nitric,硝酸,HNO3,50,60,1.2628
nitric,硝酸,HNO3,50,80,1.2377
nitric,硝酸,HNO3,50,100,1.2118
nitric,硝酸,HNO3,51,0,1.3391
nitric,硝酸,HNO3,51,5,1.3339
nitric,硝酸,HNO3,51,10,1.3277
nitric,硝酸,HNO3,51,15,1.3218
nitric,硝酸,HNO3,51,20,1.316
nitric,硝酸,HNO3,51,25,1.3102
nitric,硝酸,HNO3,51,30,1.3045
nitric,硝酸,HNO3,51,40,1.2923
nitric,硝酸,HNO3,51,50,1.2802
nitric,硝酸,HNO3,51,60,1.268
nitric,硝酸,HNO3,51,80,1.2425
nitric,硝酸,HNO3,51,100,1.2163
nitric,硝酸,HNO3,52,0,1.3454
nitric,硝酸,HNO3,52,5,1.3401
nitric,硝酸,HNO3,52,10,1.3338
nitric,硝酸,HNO3,52,15,1.3278
nitric,硝酸,HNO3,52,20,1.3219
nitric,硝酸,HNO3,52,25,1.316
nitric,硝酸,HNO3,52,30,1.3102
nitric,硝酸,HNO3,52,40,1.2978
nitric,硝酸,HNO3,52,50,1.2856
nitric,硝酸,HNO3,52,60,1.2731
nitric,硝酸,HNO3,52,80,1.2473
nitric,硝酸,HNO3,52,100,1.2208
nitric,硝酸,HNO3,53,0,1.3517
nitric,硝酸,HNO3,53,5,1.3462
nitric,硝酸,HNO3,53,10,1.3399
nitric,硝酸,HNO3,53,15,1.3338
nitric,硝酸,HNO3,53,20,1.3278
nitric,硝酸,HNO3,53,25,1.3218
nitric,硝酸,HNO3,53,30,1.3159
nitric,硝酸,HNO3,53,40,1.3033
nitric,硝酸,HNO3,53,50,1.2909
nitric,硝酸,HNO3,53,60,1.2782
nitric,硝酸,HNO3,53,80,1.2521
nitric,硝酸,HNO3,53,100,1.2252
nitric,硝酸,HNO3,54,0,1.3579
nitric,硝酸,HNO3,54,5,1.3523
nitric,硝酸,HNO3,54,10,1.3459
nitric,硝酸,HNO3,54,15,1.3397
nitric,硝酸,HNO3,54,20,1.3336
nitric,硝酸,HNO3,54,25,1.3275
nitric,硝酸,HNO3,54,30,1.3215
nitric,硝酸,HNO3,54,40,1.3087
nitric,硝酸,HNO3,54,50,1.2961
nitric,硝酸,HNO3,54,60,1.2833
nitric,硝酸,HNO3,54,80,1.2568
nitric,硝酸,HNO3,54,100,1.2296
nitric,硝酸,HNO3,55,0,1.364
nitric,硝酸,HNO3,55,5,1.3583
nitric,硝酸,HNO3,55,10,1.3518
nitric,硝酸,HNO3,55,15,1.3455
nitric,硝酸,HNO3,55,20,1.3393
nitric,硝酸,HNO3,55,25,1.3331
nitric,硝酸,HNO3,55,30,1.327
nitric,硝酸,HNO3,55,40,1.3141
nitric,硝酸,HNO3,55,50,1.3013
nitric,硝酸,HNO3,55,60,1.2883
nitric,硝酸,HNO3,55,80,1.2615
nitric,硝酸,HNO3,55,100,1.2339
nitric,硝酸,HNO3,56,0,1.37
nitric,硝酸,HNO3,56,5,1.3642
nitric,硝酸,HNO3,56,10,1.3576
nitric,硝酸,HNO3,56,15,1.3512
nitric,硝酸,HNO3,56,20,1.3449
nitric,硝酸,HNO3,56,25,1.3386
nitric,硝酸,HNO3,56,30,1.3324
nitric,硝酸,HNO3,56,40,1.3194
nitric,硝酸,HNO3,56,50,1.3064
nitric,硝酸,HNO3,56,60,1.2932
nitric,硝酸,HNO3,56,80,1.2661
nitric,硝酸,HNO3,56,100,1.2382
nitric,硝酸,HNO3,57,0,1.3759
nitric,硝酸,HNO3,57,5,1.37
nitric,硝酸,HNO3,57,10,1.3634
nitric,硝酸,HNO3,57,15,1.3569
nitric,硝酸,HNO3,57,20,1.3505
nitric,硝酸,HNO3,57,25,1.3441
nitric,硝酸,HNO3,57,30,1.3377
nitric,硝酸,HNO3,57,40,1.3246
nitric,硝酸,HNO3,57,50,1.3114
nitric,硝酸,HNO3,57,60,1.2981
nitric,硝酸,HNO3,57,80,1.2706
nitric,硝酸,HNO3,57,100,1.2424
nitric,硝酸,HNO3,58,0,1.3818
nitric,硝酸,HNO3,58,5,1.3757
nitric,硝酸,HNO3,58,10,1.3691
nitric,硝酸,HNO3,58,15,1.3625
nitric,硝酸,HNO3,58,20,1.356
nitric,硝酸,HNO3,58,25,1.3495
nitric,硝酸,HNO3,58,30,1.343
nitric,硝酸,HNO3,58,40,1.3298
nitric,硝酸,HNO3,58,50,1.3164
nitric,硝酸,HNO3,58,60,1.3029
nitric,硝酸,HNO3,58,80,1.2751
nitric,硝酸,HNO3,58,100,1.2466
nitric,硝酸,HNO3,59,0,1.3875
nitric,硝酸,HNO3,59,5,1.3813
nitric,硝酸,HNO3,59,10,1.3747
nitric,硝酸,HNO3,59,15,1.368
nitric,硝酸,HNO3,59,20,1.3614
nitric,硝酸,HNO3,59,25,1.3548
nitric,硝酸,HNO3,59,30,1.3482
nitric,硝酸,HNO3,59,40,1.3348
nitric,硝酸,HNO3,59,50,1.3213
nitric,硝酸,HNO3,59,60,1.3077
nitric,硝酸,HNO3,59,80,1.2795
nitric,硝酸,HNO3,59,100,1.2507
nitric,硝酸,HNO3,60,0,1.3931
nitric,硝酸,HNO3,60,5,1.3868
nitric,硝酸,HNO3,60,10,1.3801
nitric,硝酸,HNO3,60,15,1.3734
nitric,硝酸,HNO3,60,20,1.3667
nitric,硝酸,HNO3,60,25,1.36
nitric,硝酸,HNO3,60,30,1.3533
nitric,硝酸,HNO3,60,40,1.3398
nitric,硝酸,HNO3,60,50,1.3261
nitric,硝酸,HNO3,60,60,1.3124
nitric,硝酸,HNO3,60,80,1.2839
nitric,硝酸,HNO3,60,100,1.2547
nitric,硝酸,HNO3,61,0,1.3986
nitric,硝酸,HNO3,61,5,1.3922
nitric,硝酸,HNO3,61,10,1.3855
nitric,硝酸,HNO3,61,15,1.3787
nitric,硝酸,HNO3,61,20,1.3719
nitric,硝酸,HNO3,61,25,1.3651
nitric,硝酸,HNO3,61,30,1.3583
nitric,硝酸,HNO3,61,40,1.3447
nitric,硝酸,HNO3,61,50,1.3308
nitric,硝酸,HNO3,61,60,1.3169
nitric,硝酸,HNO3,61,80,1.2881
nitric,硝酸,HNO3,61,100,1.2587
nitric,硝酸,HNO3,62,0,1.4039
nitric,硝酸,HNO3,62,5,1.3975
nitric,硝酸,HNO3,62,10,1.3907
nitric,硝酸,HNO3,62,15,1.3838
nitric,硝酸,HNO3,62,20,1.3769
nitric,硝酸,HNO3,62,25,1.37
nitric,硝酸,HNO3,62,30,1.3632
nitric,硝酸,HNO3,62,40,1.3494
nitric,硝酸,HNO3,62,50,1.3354
nitric,硝酸,HNO3,62,60,1.3213
nitric,硝酸,HNO3,62,80,1.2922
nitric,硝酸,HNO3,62,100,1.2625
nitric,硝酸,HNO3,63,0,1.4091
nitric,硝酸,HNO3,63,5,1.4027
nitric,硝酸,HNO3,63,10,1.3958
nitric,硝酸,HNO3,63,15,1.3888
nitric,硝酸,HNO3,63,20,1.3818
nitric,硝酸,HNO3,63,25,1.3748
nitric,硝酸,HNO3,63,30,1.3679
nitric,硝酸,HNO3,63,40,1.354
nitric,硝酸,HNO3,63,50,1.3398
nitric,硝酸,HNO3,63,60,1.3255
nitric,硝酸,HNO3,63,80,1.2962
nitric,硝酸,HNO3,63,100,1.2661
nitric,硝酸,HNO3,64,5,1.4078
nitric,硝酸,HNO3,64,10,1.4007
nitric,硝酸,HNO3,64,15,1.3936
nitric,硝酸,HNO3,64,20,1.3866
nitric,硝酸,HNO3,64,25,1.3795
nitric,硝酸,HNO3,64,30,1.3725
nitric,硝酸,HNO3,65,5,1.4128
nitric,硝酸,HNO3,65,10,1.4055
nitric,硝酸,HNO3,65,15,1.3984
nitric,硝酸,HNO3,65,20,1.3913
nitric,硝酸,HNO3,65,25,1.3841
nitric,硝酸,HNO3,65,30,1.377
nitric,硝酸,HNO3,66,5,1.4177
nitric,硝酸,HNO3,66,10,1.4103
nitric,硝酸,HNO3,66,15,1.4031
nitric,硝酸,HNO3,66,20,1.3959
nitric,硝酸,HNO3,66,25,1.3887
nitric,硝酸,HNO3,66,30,1.3814
nitric,硝酸,HNO3,67,5,1.4224
nitric,硝酸,HNO3,67,10,1.415
nitric,硝酸,HNO3,67,15,1.4077
nitric,硝酸,HNO3,67,20,1.4004
nitric,硝酸,HNO3,67,25,1.3932
nitric,硝酸,HNO3,67,30,1.3857
nitric,硝酸,HNO3,68,5,1.4271
nitric,硝酸,HNO3,68,10,1.4196
nitric,硝酸,HNO3,68,15,1.4122
nitric,硝酸,HNO3,68,20,1.4048
nitric,硝酸,HNO3,68,25,1.3976
nitric,硝酸,HNO3,68,30,1.39
nitric,硝酸,HNO3,69,5,1.4317
nitric,硝酸,HNO3,69,10,1.4241
nitric,硝酸,HNO3,69,15,1.4166
nitric,硝酸,HNO3,69,20,1.4091
nitric,硝酸,HNO3,69,25,1.4019
nitric,硝酸,HNO3,69,30,1.3942
nitric,硝酸,HNO3,70,5,1.4362
nitric,硝酸,HNO3,70,10,1.4285
nitric,硝酸,HNO3,70,15,1.421
nitric,硝酸,HNO3,70,20,1.4134
nitric,硝酸,HNO3,70,25,1.4061
nitric,硝酸,HNO3,70,30,1.3983
nitric,硝酸,HNO3,71,5,1.4406
nitric,硝酸,HNO3,71,10,1.4328
nitric,硝酸,HNO3,71,15,1.4252
nitric,硝酸,HNO3,71,20,1.4176
nitric,硝酸,HNO3,71,25,1.4102
nitric,硝酸,HNO3,71,30,1.4023
nitric,硝酸,HNO3,72,5,1.4449
nitric,硝酸,HNO3,72,10,1.4371
nitric,硝酸,HNO3,72,15,1.4294
nitric,硝酸,HNO3,72,20,1.4218
nitric,硝酸,HNO3,72,25,1.4142
nitric,硝酸,HNO3,72,30,1.4063
nitric,硝酸,HNO3,73,5,1.4491
nitric,硝酸,HNO3,73,10,1.4413
nitric,硝酸,HNO3,73,15,1.4335
nitric,硝酸,HNO3,73,20,1.4258
nitric,硝酸,HNO3,73,25,1.4182
nitric,硝酸,HNO3,73,30,1.4103
nitric,硝酸,HNO3,74,5,1.4532
nitric,硝酸,HNO3,74,10,1.4454
nitric,硝酸,HNO3,74,15,1.4376
nitric,硝酸,HNO3,74,20,1.4298
nitric,硝酸,HNO3,74,25,1.4221
nitric,硝酸,HNO3,74,30,1.4142
nitric,硝酸,HNO3,75,5,1.4573
nitric,硝酸,HNO3,75,10,1.4494
nitric,硝酸,HNO3,75,15,1.4415
nitric,硝酸,HNO3,75,20,1.4337
nitric,硝酸,HNO3,75,25,1.4259
nitric,硝酸,HNO3,75,30,1.418
nitric,硝酸,HNO3,76,5,1.4613
nitric,硝酸,HNO3,76,10,1.4533
nitric,硝酸,HNO3,76,15,1.4454
nitric,硝酸,HNO3,76,20,1.4375
nitric,硝酸,HNO3,76,25,1.4296
nitric,硝酸,HNO3,76,30,1.4217
nitric,硝酸,HNO3,77,5,1.4652
nitric,硝酸,HNO3,77,10,1.4572
nitric,硝酸,HNO3,77,15,1.4492
nitric,硝酸,HNO3,77,20,1.4413
nitric,硝酸,HNO3,77,25,1.4333
nitric,硝酸,HNO3,77,30,1.4253
nitric,硝酸,HNO3,78,5,1.469
nitric,硝酸,HNO3,78,10,1.461
nitric,硝酸,HNO3,78,15,1.4529
nitric,硝酸,HNO3,78,20,1.445
nitric,硝酸,HNO3,78,25,1.4369
nitric,硝酸,HNO3,78,30,1.4288
nitric,硝酸,HNO3,79,5,1.4727
nitric,硝酸,HNO3,79,10,1.4647
nitric,硝酸,HNO3,79,15,1.4565
nitric,硝酸,HNO3,79,20,1.4486
nitric,硝酸,HNO3,79,25,1.4404
nitric,硝酸,HNO3,79,30,1.4323
nitric,硝酸,HNO3,80,5,1.4764
nitric,硝酸,HNO3,80,10,1.4683
nitric,硝酸,HNO3,80,15,1.4601
nitric,硝酸,HNO3,80,20,1.4521
nitric,硝酸,HNO3,80,25,1.4439
nitric,硝酸,HNO3,80,30,1.4357
nitric,硝酸,HNO3,81,5,1.48
nitric,硝酸,HNO3,81,10,1.4718
nitric,硝酸,HNO3,81,15,1.4636
nitric,硝酸,HNO3,81,20,1.4555
nitric,硝酸,HNO3,81,25,1.4473
nitric,硝酸,HNO3,81,30,1.4391
nitric,硝酸,HNO3,82,5,1.4835
nitric,硝酸,HNO3,82,10,1.4753
nitric,硝酸,HNO3,82,15,1.467
nitric,硝酸,HNO3,82,20,1.4589
nitric,硝酸,HNO3,82,25,1.4507
nitric,硝酸,HNO3,82,30,1.4424
nitric,硝酸,HNO3,83,5,1.4869
nitric,硝酸,HNO3,83,10,1.4787
nitric,硝酸,HNO3,83,15,1.4704
nitric,硝酸,HNO3,83,20,1.4622
nitric,硝酸,HNO3,83,25,1.454
nitric,硝酸,HNO3,83,30,1.4456
nitric,硝酸,HNO3,84,5,1.4903
nitric,硝酸,HNO3,84,10,1.482
nitric,硝酸,HNO3,84,15,1.4737
nitric,硝酸,HNO3,84,20,1.4655
nitric,硝酸,HNO3,84,25,1.4572
nitric,硝酸,HNO3,84,30,1.4487
nitric,硝酸,HNO3,85,5,1.4936
nitric,硝酸,HNO3,85,10,1.4852
nitric,硝酸,HNO3,85,15,1.4769
nitric,硝酸,HNO3,85,20,1.4686
nitric,硝酸,HNO3,85,25,1.4603
nitric,硝酸,HNO3,85,30,1.4518
nitric,硝酸,HNO3,86,5,1.4968
nitric,硝酸,HNO3,86,10,1.4883
nitric,硝酸,HNO3,86,15,1.4799
nitric,硝酸,HNO3,86,20,1.4716
nitric,硝酸,HNO3,86,25,1.4633
nitric,硝酸,HNO3,86,30,1.4548
nitric,硝酸,HNO3,87,5,1.4999
nitric,硝酸,HNO3,87,10,1.4913
nitric,硝酸,HNO3,87,15,1.4829
nitric,硝酸,HNO3,87,20,1.4745
nitric,硝酸,HNO3,87,25,1.4662
nitric,硝酸,HNO3,87,30,1.4577
nitric,硝酸,HNO3,88,5,1.5029
nitric,硝酸,HNO3,88,10,1.4942
nitric,硝酸,HNO3,88,15,1.4858
nitric,硝酸,HNO3,88,20,1.4773
nitric,硝酸,HNO3,88,25,1.469
nitric,硝酸,HNO3,88,30,1.4605
nitric,硝酸,HNO3,89,5,1.5058
nitric,硝酸,HNO3,89,10,1.497
nitric,硝酸,HNO3,89,15,1.4885
nitric,硝酸,HNO3,89,20,1.48
nitric,硝酸,HNO3,89,25,1.4716
nitric,硝酸,HNO3,89,30,1.4631
nitric,硝酸,HNO3,90,5,1.5085
nitric,硝酸,HNO3,90,10,1.4997
nitric,硝酸,HNO3,90,15,1.4911
nitric,硝酸,HNO3,90,20,1.4826
nitric,硝酸,HNO3,90,25,1.4741
nitric,硝酸,HNO3,90,30,1.4656
nitric,硝酸,HNO3,91,5,1.5111
nitric,硝酸,HNO3,91,10,1.5023
nitric,硝酸,HNO3,91,15,1.4936
nitric,硝酸,HNO3,91,20,1.485
nitric,硝酸,HNO3,91,25,1.4766
nitric,硝酸,HNO3,91,30,1.4681
nitric,硝酸,HNO3,92,5,1.5136
nitric,硝酸,HNO3,92,10,1.5048
nitric,硝酸,HNO3,92,15,1.496
nitric,硝酸,HNO3,92,20,1.4873
nitric,硝酸,HNO3,92,25,1.4789
nitric,硝酸,HNO3,92,30,1.4704
nitric,硝酸,HNO3,93,5,1.5156
nitric,硝酸,HNO3,93,10,1.5068
nitric,硝酸,HNO3,93,15,1.4979
nitric,硝酸,HNO3,93,20,1.4892
nitric,硝酸,HNO3,93,25,1.4807
nitric,硝酸,HNO3,93,30,1.4722
nitric,硝酸,HNO3,94,5,1.5177
nitric,硝酸,HNO3,94,10,1.5088
nitric,硝酸,HNO3,94,15,1.4999
nitric,硝酸,HNO3,94,20,1.4912
nitric,硝酸,HNO3,94,25,1.4826
nitric,硝酸,HNO3,94,30,1.4741
nitric,硝酸,HNO3,95,5,1.5198
nitric,硝酸,HNO3,95,10,1.5109
nitric,硝酸,HNO3,95,15,1.5019
nitric,硝酸,HNO3,95,20,1.4932
nitric,硝酸,HNO3,95,25,1.4846
nitric,硝酸,HNO3,95,30,1.4761
nitric,硝酸,HNO3,96,5,1.522
nitric,硝酸,HNO3,96,10,1.513
nitric,硝酸,HNO3,96,15,1.504
nitric,硝酸,HNO3,96,20,1.4952
nitric,硝酸,HNO3,96,25,1.4867
nitric,硝酸,HNO3,96,30,1.4781
nitric,硝酸,HNO3,97,5,1.5244
nitric,硝酸,HNO3,97,10,1.5152
nitric,硝酸,HNO3,97,15,1.5062
nitric,硝酸,HNO3,97,20,1.4974
nitric,硝酸,HNO3,97,25,1.4889
nitric,硝酸,HNO3,97,30,1.4802
nitric,硝酸,HNO3,98,5,1.5278
nitric,硝酸,HNO3,98,10,1.5187
nitric,硝酸,HNO3,98,15,1.5096
nitric,硝酸,HNO3,98,20,1.5008
nitric,硝酸,HNO3,98,25,1.4922
nitric,硝酸,HNO3,98,30,1.4835
nitric,硝酸,HNO3,99,5,1.5327
nitric,硝酸,HNO3,99,10,1.5235
nitric,硝酸,HNO3,99,15,1.5144
nitric,硝酸,HNO3,99,20,1.5056
nitric,硝酸,HNO3,99,25,1.4969
nitric,硝酸,HNO3,99,30,1.4881
nitric,硝酸,HNO3,100,5,1.5402
nitric,硝酸,HNO3,100,10,1.531
nitric,硝酸,HNO3,100,15,1.5217
nitric,硝酸,HNO3,100,20,1.5129
nitric,硝酸,HNO3,100,25,1.504
nitric,硝酸,HNO3,100,30,1.4952
sulfuric,硫酸,H2SO4,1,0,1.0074
sulfuric,硫酸,H2SO4,1,10,1.0068
sulfuric,硫酸,H2SO4,1,15,1.0060
sulfuric,硫酸,H2SO4,1,20,1.0051
sulfuric,硫酸,H2SO4,1,25,1.0038
sulfuric,硫酸,H2SO4,1,30,1.0022
sulfuric,硫酸,H2SO4,1,40,0.9986
sulfuric,硫酸,H2SO4,1,50,0.9944
sulfuric,硫酸,H2SO4,1,60,0.9895
sulfuric,硫酸,H2SO4,1,80,0.9779
sulfuric,硫酸,H2SO4,1,100,0.9645
sulfuric,硫酸,H2SO4,2,0,1.0147
sulfuric,硫酸,H2SO4,2,10,1.0138
sulfuric,硫酸,H2SO4,2,15,1.0129
sulfuric,硫酸,H2SO4,2,20,1.0118
sulfuric,硫酸,H2SO4,2,25,1.0104
sulfuric,硫酸,H2SO4,2,30,1.0087
sulfuric,硫酸,H2SO4,2,40,1.0050
sulfuric,硫酸,H2SO4,2,50,1.0006
sulfuric,硫酸,H2SO4,2,60,0.9956
sulfuric,硫酸,H2SO4,2,80,0.9839
sulfuric,硫酸,H2SO4,2,100,0.9705
sulfuric,硫酸,H2SO4,3,0,1.0219
sulfuric,硫酸,H2SO4,3,10,1.0206
sulfuric,硫酸,H2SO4,3,15,1.0197
sulfuric,硫酸,H2SO4,3,20,1.0184
sulfuric,硫酸,H2SO4,3,25,1.0169
sulfuric,硫酸,H2SO4,3,30,1.0152
sulfuric,硫酸,H2SO4,3,40,1.0113
sulfuric,硫酸,H2SO4,3,50,1.0067
sulfuric,硫酸,H2SO4,3,60,1.0017
sulfuric,硫酸,H2SO4,3,80,0.9900
sulfuric,硫酸,H2SO4,3,100,0.9766
sulfuric,硫酸,H2SO4,4,0,1.0291
sulfuric,硫酸,H2SO4,4,10,1.0275
sulfuric,硫酸,H2SO4,4,15,1.0264
sulfuric,硫酸,H2SO4,4,20,1.0250
sulfuric,硫酸,H2SO4,4,25,1.0234
sulfuric,硫酸,H2SO4,4,30,1.0216
sulfuric,硫酸,H2SO4,4,40,1.0176
sulfuric,硫酸,H2SO4,4,50,1.0129
sulfuric,硫酸,H2SO4,4,60,1.0078
sulfuric,硫酸,H2SO4,4,80,0.9961
sulfuric,硫酸,H2SO4,4,100,0.9827
sulfuric,硫酸,H2SO4,5,0,1.0364
sulfuric,硫酸,H2SO4,5,10,1.0344
sulfuric,硫酸,H2SO4,5,15,1.0332
sulfuric,硫酸,H2SO4,5,20,1.0317
sulfuric,硫酸,H2SO4,5,25,1.0300
sulfuric,硫酸,H2SO4,5,30,1.0281
sulfuric,硫酸,H2SO4,5,40,1.0240
sulfuric,硫酸,H2SO4,5,50,1.0192
sulfuric,硫酸,H2SO4,5,60,1.0140
sulfuric,硫酸,H2SO4,5,80,1.0022
sulfuric,硫酸,H2SO4,5,100,0.9888
sulfuric,硫酸,H2SO4,6,0,1.0437
sulfuric,硫酸,H2SO4,6,10,1.0414
sulfuric,硫酸,H2SO4,6,15,1.0400
sulfuric,硫酸,H2SO4,6,20,1.0385
sulfuric,硫酸,H2SO4,6,25,1.0367
sulfuric,硫酸,H2SO4,6,30,1.0347
sulfuric,硫酸,H2SO4,6,40,1.0305
sulfuric,硫酸,H2SO4,6,50,1.0256
sulfuric,硫酸,H2SO4,6,60,1.0203
sulfuric,硫酸,H2SO4,6,80,1.0084
sulfuric,硫酸,H2SO4,6,100,0.9950
sulfuric,硫酸,H2SO4,7,0,1.0511
sulfuric,硫酸,H2SO4,7,10,1.0485
sulfuric,硫酸,H2SO4,7,15,1.0469
sulfuric,硫酸,H2SO4,7,20,1.0453
sulfuric,硫酸,H2SO4,7,25,1.0434
sulfuric,硫酸,H2SO4,7,30,1.0414
sulfuric,硫酸,H2SO4,7,40,1.0371
sulfuric,硫酸,H2SO4,7,50,1.0321
sulfuric,硫酸,H2SO4,7,60,1.0266
sulfuric,硫酸,H2SO4,7,80,1.0146
sulfuric,硫酸,H2SO4,7,100,1.0013
sulfuric,硫酸,H2SO4,8,0,1.0585
sulfuric,硫酸,H2SO4,8,10,1.0556
sulfuric,硫酸,H2SO4,8,15,1.0539
sulfuric,硫酸,H2SO4,8,20,1.0522
sulfuric,硫酸,H2SO4,8,25,1.0502
sulfuric,硫酸,H2SO4,8,30,1.0481
sulfuric,硫酸,H2SO4,8,40,1.0437
sulfuric,硫酸,H2SO4,8,50,1.0386
sulfuric,硫酸,H2SO4,8,60,1.0330
sulfuric,硫酸,H2SO4,8,80,1.0209
sulfuric,硫酸,H2SO4,8,100,1.0076
sulfuric,硫酸,H2SO4,9,0,1.0660
sulfuric,硫酸,H2SO4,9,10,1.0628
sulfuric,硫酸,H2SO4,9,15,1.0610
sulfuric,硫酸,H2SO4,9,20,1.0591
sulfuric,硫酸,H2SO4,9,25,1.0571
sulfuric,硫酸,H2SO4,9,30,1.0549
sulfuric,硫酸,H2SO4,9,40,1.0503
sulfuric,硫酸,H2SO4,9,50,1.0451
sulfuric,硫酸,H2SO4,9,60,1.0395
sulfuric,硫酸,H2SO4,9,80,1.0273
sulfuric,硫酸,H2SO4,9,100,1.0140
sulfuric,硫酸,H2SO4,10,0,1.0735
sulfuric,硫酸,H2SO4,10,10,1.0700
sulfuric,硫酸,H2SO4,10,15,1.0681
sulfuric,硫酸,H2SO4,10,20,1.0661
sulfuric,硫酸,H2SO4,10,25,1.0640
sulfuric,硫酸,H2SO4,10,30,1.0617
sulfuric,硫酸,H2SO4,10,40,1.0570
sulfuric,硫酸,H2SO4,10,50,1.0517
sulfuric,硫酸,H2SO4,10,60,1.0460
sulfuric,硫酸,H2SO4,10,80,1.0338
sulfuric,硫酸,H2SO4,10,100,1.0204
sulfuric,硫酸,H2SO4,11,0,1.0810
sulfuric,硫酸,H2SO4,11,10,1.0773
sulfuric,硫酸,H2SO4,11,15,1.0753
sulfuric,硫酸,H2SO4,11,20,1.0731
sulfuric,硫酸,H2SO4,11,25,1.0710
sulfuric,硫酸,H2SO4,11,30,1.0686
sulfuric,硫酸,H2SO4,11,40,1.0637
sulfuric,硫酸,H2SO4,11,50,1.0584
sulfuric,硫酸,H2SO4,11,60,1.0526
sulfuric,硫酸,H2SO4,11,80,1.0403
sulfuric,硫酸,H2SO4,11,100,1.0269
sulfuric,硫酸,H2SO4,12,0,1.0886
sulfuric,硫酸,H2SO4,12,10,1.0846
sulfuric,硫酸,H2SO4,12,15,1.0825
sulfuric,硫酸,H2SO4,12,20,1.0802
sulfuric,硫酸,H2SO4,12,25,1.0780
sulfuric,硫酸,H2SO4,12,30,1.0756
sulfuric,硫酸,H2SO4,12,40,1.0705
sulfuric,硫酸,H2SO4,12,50,1.0651
sulfuric,硫酸,H2SO4,12,60,1.0593
sulfuric,硫酸,H2SO4,12,80,1.0469
sulfuric,硫酸,H2SO4,12,100,1.0335
sulfuric,硫酸,H2SO4,13,0,1.0962
sulfuric,硫酸,H2SO4,13,10,1.0920
sulfuric,硫酸,H2SO4,13,15,1.0898
sulfuric,硫酸,H2SO4,13,20,1.0874
sulfuric,硫酸,H2SO4,13,25,1.0851
sulfuric,硫酸,H2SO4,13,30,1.0826
sulfuric,硫酸,H2SO4,13,40,1.0774
sulfuric,硫酸,H2SO4,13,50,1.0719
sulfuric,硫酸,H2SO4,13,60,1.0661
sulfuric,硫酸,H2SO4,13,80,1.0536
sulfuric,硫酸,H2SO4,13,100,1.0402
sulfuric,硫酸,H2SO4,14,0,1.1039
sulfuric,硫酸,H2SO4,14,10,1.0994
sulfuric,硫酸,H2SO4,14,15,1.0971
sulfuric,硫酸,H2SO4,14,20,1.0947
sulfuric,硫酸,H2SO4,14,25,1.0922
sulfuric,硫酸,H2SO4,14,30,1.0897
sulfuric,硫酸,H2SO4,14,40,1.0844
sulfuric,硫酸,H2SO4,14,50,1.0788
sulfuric,硫酸,H2SO4,14,60,1.0729
sulfuric,硫酸,H2SO4,14,80,1.0603
sulfuric,硫酸,H2SO4,14,100,1.0469
sulfuric,硫酸,H2SO4,15,0,1.1116
sulfuric,硫酸,H2SO4,15,10,1.1069
sulfuric,硫酸,H2SO4,15,15,1.1045
sulfuric,硫酸,H2SO4,15,20,1.1020
sulfuric,硫酸,H2SO4,15,25,1.0994
sulfuric,硫酸,H2SO4,15,30,1.0968
sulfuric,硫酸,H2SO4,15,40,1.0914
sulfuric,硫酸,H2SO4,15,50,1.0857
sulfuric,硫酸,H2SO4,15,60,1.0798
sulfuric,硫酸,H2SO4,15,80,1.0671
sulfuric,硫酸,H2SO4,15,100,1.0537
sulfuric,硫酸,H2SO4,16,0,1.1194
sulfuric,硫酸,H2SO4,16,10,1.1145
sulfuric,硫酸,H2SO4,16,15,1.1120
sulfuric,硫酸,H2SO4,16,20,1.1094
sulfuric,硫酸,H2SO4,16,25,1.1067
sulfuric,硫酸,H2SO4,16,30,1.1040
sulfuric,硫酸,H2SO4,16,40,1.0985
sulfuric,硫酸,H2SO4,16,50,1.0927
sulfuric,硫酸,H2SO4,16,60,1.0868
sulfuric,硫酸,H2SO4,16,80,1.0740
sulfuric,硫酸,H2SO4,16,100,1.0605
sulfuric,硫酸,H2SO4,17,0,1.1272
sulfuric,硫酸,H2SO4,17,10,1.1221
sulfuric,硫酸,H2SO4,17,15,1.1195
sulfuric,硫酸,H2SO4,17,20,1.1168
sulfuric,硫酸,H2SO4,17,25,1.1141
sulfuric,硫酸,H2SO4,17,30,1.1113
sulfuric,硫酸,H2SO4,17,40,1.1057
sulfuric,硫酸,H2SO4,17,50,1.0998
sulfuric,硫酸,H2SO4,17,60,1.0938
sulfuric,硫酸,H2SO4,17,80,1.0809
sulfuric,硫酸,H2SO4,17,100,1.0674
sulfuric,硫酸,H2SO4,18,0,1.1351
sulfuric,硫酸,H2SO4,18,10,1.1298
sulfuric,硫酸,H2SO4,18,15,1.1271
sulfuric,硫酸,H2SO4,18,20,1.1243
sulfuric,硫酸,H2SO4,18,25,1.1215
sulfuric,硫酸,H2SO4,18,30,1.1187
sulfuric,硫酸,H2SO4,18,40,1.1129
sulfuric,硫酸,H2SO4,18,50,1.1070
sulfuric,硫酸,H2SO4,18,60,1.1009
sulfuric,硫酸,H2SO4,18,80,1.0879
sulfuric,硫酸,H2SO4,18,100,1.0744
sulfuric,硫酸,H2SO4,19,0,1.1430
sulfuric,硫酸,H2SO4,19,10,1.1375
sulfuric,硫酸,H2SO4,19,15,1.1347
sulfuric,硫酸,H2SO4,19,20,1.1318
sulfuric,硫酸,H2SO4,19,25,1.1290
sulfuric,硫酸,H2SO4,19,30,1.1261
sulfuric,硫酸,H2SO4,19,40,1.1202
sulfuric,硫酸,H2SO4,19,50,1.1142
sulfuric,硫酸,H2SO4,19,60,1.1081
sulfuric,硫酸,H2SO4,19,80,1.0950
sulfuric,硫酸,H2SO4,19,100,1.0814
sulfuric,硫酸,H2SO4,20,0,1.1510
sulfuric,硫酸,H2SO4,20,10,1.1453
sulfuric,硫酸,H2SO4,20,15,1.1424
sulfuric,硫酸,H2SO4,20,20,1.1394
sulfuric,硫酸,H2SO4,20,25,1.1365
sulfuric,硫酸,H2SO4,20,30,1.1335
sulfuric,硫酸,H2SO4,20,40,1.1275
sulfuric,硫酸,H2SO4,20,50,1.1215
sulfuric,硫酸,H2SO4,20,60,1.1153
sulfuric,硫酸,H2SO4,20,80,1.1021
sulfuric,硫酸,H2SO4,20,100,1.0885
sulfuric,硫酸,H2SO4,21,0,1.1590
sulfuric,硫酸,H2SO4,21,10,1.1531
sulfuric,硫酸,H2SO4,21,15,1.1501
sulfuric,硫酸,H2SO4,21,20,1.1471
sulfuric,硫酸,H2SO4,21,25,1.1441
sulfuric,硫酸,H2SO4,21,30,1.1410
sulfuric,硫酸,H2SO4,21,40,1.1349
sulfuric,硫酸,H2SO4,21,50,1.1288
sulfuric,硫酸,H2SO4,21,60,1.1226
sulfuric,硫酸,H2SO4,21,80,1.1093
sulfuric,硫酸,H2SO4,21,100,1.0957
sulfuric,硫酸,H2SO4,22,0,1.1670
sulfuric,硫酸,H2SO4,22,10,1.1609
sulfuric,硫酸,H2SO4,22,15,1.1579
sulfuric,硫酸,H2SO4,22,20,1.1548
sulfuric,硫酸,H2SO4,22,25,1.1517
sulfuric,硫酸,H2SO4,22,30,1.1486
sulfuric,硫酸,H2SO4,22,40,1.1424
sulfuric,硫酸,H2SO4,22,50,1.1362
sulfuric,硫酸,H2SO4,22,60,1.1299
sulfuric,硫酸,H2SO4,22,80,1.1166
sulfuric,硫酸,H2SO4,22,100,1.1029
sulfuric,硫酸,H2SO4,23,0,1.1751
sulfuric,硫酸,H2SO4,23,10,1.1688
sulfuric,硫酸,H2SO4,23,15,1.1657
sulfuric,硫酸,H2SO4,23,20,1.1626
sulfuric,硫酸,H2SO4,23,25,1.1594
sulfuric,硫酸,H2SO4,23,30,1.1563
sulfuric,硫酸,H2SO4,23,40,1.1500
sulfuric,硫酸,H2SO4,23,50,1.1437
sulfuric,硫酸,H2SO4,23,60,1.1373
sulfuric,硫酸,H2SO4,23,80,1.1239
sulfuric,硫酸,H2SO4,23,100,1.1102
sulfuric,硫酸,H2SO4,24,0,1.1832
sulfuric,硫酸,H2SO4,24,10,1.1768
sulfuric,硫酸,H2SO4,24,15,1.1736
sulfuric,硫酸,H2SO4,24,20,1.1704
sulfuric,硫酸,H2SO4,24,25,1.1672
sulfuric,硫酸,H2SO4,24,30,1.1640
sulfuric,硫酸,H2SO4,24,40,1.1576
sulfuric,硫酸,H2SO4,24,50,1.1512
sulfuric,硫酸,H2SO4,24,60,1.1448
sulfuric,硫酸,H2SO4,24,80,1.1313
sulfuric,硫酸,H2SO4,24,100,1.1176
sulfuric,硫酸,H2SO4,25,0,1.1914
sulfuric,硫酸,H2SO4,25,10,1.1848
sulfuric,硫酸,H2SO4,25,15,1.1816
sulfuric,硫酸,H2SO4,25,20,1.1783
sulfuric,硫酸,H2SO4,25,25,1.1750
sulfuric,硫酸,H2SO4,25,30,1.1718
sulfuric,硫酸,H2SO4,25,40,1.1653
sulfuric,硫酸,H2SO4,25,50,1.1588
sulfuric,硫酸,H2SO4,25,60,1.1523
sulfuric,硫酸,H2SO4,25,80,1.1388
sulfuric,硫酸,H2SO4,25,100,1.1250
sulfuric,硫酸,H2SO4,26,0,1.1996
sulfuric,硫酸,H2SO4,26,10,1.1929
sulfuric,硫酸,H2SO4,26,15,1.1896
sulfuric,硫酸,H2SO4,26,20,1.1862
sulfuric,硫酸,H2SO4,26,25,1.1829
sulfuric,硫酸,H2SO4,26,30,1.1796
sulfuric,硫酸,H2SO4,26,40,1.1730
sulfuric,硫酸,H2SO4,26,50,1.1665
sulfuric,硫酸,H2SO4,26,60,1.1599
sulfuric,硫酸,H2SO4,26,80,1.1463
sulfuric,硫酸,H2SO4,26,100,1.1325
sulfuric,硫酸,H2SO4,27,0,1.2078
sulfuric,硫酸,H2SO4,27,10,1.2010
sulfuric,硫酸,H2SO4,27,15,1.1976
sulfuric,硫酸,H2SO4,27,20,1.1942
sulfuric,硫酸,H2SO4,27,25,1.1909
sulfuric,硫酸,H2SO4,27,30,1.1875
sulfuric,硫酸,H2SO4,27,40,1.1808
sulfuric,硫酸,H2SO4,27,50,1.1742
sulfuric,硫酸,H2SO4,27,60,1.1676
sulfuric,硫酸,H2SO4,27,80,1.1539
sulfuric,硫酸,H2SO4,27,100,1.1400
sulfuric,硫酸,H2SO4,28,0,1.2160
sulfuric,硫酸,H2SO4,28,10,1.2091
sulfuric,硫酸,H2SO4,28,15,1.2057
sulfuric,硫酸,H2SO4,28,20,1.2023
sulfuric,硫酸,H2SO4,28,25,1.1989
sulfuric,硫酸,H2SO4,28,30,1.1955
sulfuric,硫酸,H2SO4,28,40,1.1887
sulfuric,硫酸,H2SO4,28,50,1.1820
sulfuric,硫酸,H2SO4,28,60,1.1753
sulfuric,硫酸,H2SO4,28,80,1.1616
sulfuric,硫酸,H2SO4,28,100,1.1476
sulfuric,硫酸,H2SO4,29,0,1.2243
sulfuric,硫酸,H2SO4,29,10,1.2173
sulfuric,硫酸,H2SO4,29,15,1.2138
sulfuric,硫酸,H2SO4,29,20,1.2104
sulfuric,硫酸,H2SO4,29,25,1.2069
sulfuric,硫酸,H2SO4,29,30,1.2035
sulfuric,硫酸,H2SO4,29,40,1.1966
sulfuric,硫酸,H2SO4,29,50,1.1898
sulfuric,硫酸,H2SO4,29,60,1.1831
sulfuric,硫酸,H2SO4,29,80,1.1693
sulfuric,硫酸,H2SO4,29,100,1.1553
sulfuric,硫酸,H2SO4,30,0,1.2326
sulfuric,硫酸,H2SO4,30,10,1.2255
sulfuric,硫酸,H2SO4,30,15,1.2220
sulfuric,硫酸,H2SO4,30,20,1.2185
sulfuric,硫酸,H2SO4,30,25,1.2150
sulfuric,硫酸,H2SO4,30,30,1.2115
sulfuric,硫酸,H2SO4,30,40,1.2046
sulfuric,硫酸,H2SO4,30,50,1.1977
sulfuric,硫酸,H2SO4,30,60,1.1909
sulfuric,硫酸,H2SO4,30,80,1.1771
sulfuric,硫酸,H2SO4,30,100,1.1630
sulfuric,硫酸,H2SO4,31,0,1.2409
sulfuric,硫酸,H2SO4,31,10,1.2338
sulfuric,硫酸,H2SO4,31,15,1.2302
sulfuric,硫酸,H2SO4,31,20,1.2267
sulfuric,硫酸,H2SO4,31,25,1.2232
sulfuric,硫酸,H2SO4,31,30,1.2196
sulfuric,硫酸,H2SO4,31,40,1.2126
sulfuric,硫酸,H2SO4,31,50,1.2057
sulfuric,硫酸,H2SO4,31,60,1.1988
sulfuric,硫酸,H2SO4,31,80,1.1849
sulfuric,硫酸,H2SO4,31,100,1.1708
sulfuric,硫酸,H2SO4,32,0,1.2493
sulfuric,硫酸,H2SO4,32,10,1.2421
sulfuric,硫酸,H2SO4,32,15,1.2385
sulfuric,硫酸,H2SO4,32,20,1.2349
sulfuric,硫酸,H2SO4,32,25,1.2314
sulfuric,硫酸,H2SO4,32,30,1.2278
sulfuric,硫酸,H2SO4,32,40,1.2207
sulfuric,硫酸,H2SO4,32,50,1.2137
sulfuric,硫酸,H2SO4,32,60,1.2068
sulfuric,硫酸,H2SO4,32,80,1.1928
sulfuric,硫酸,H2SO4,32,100,1.1787
sulfuric,硫酸,H2SO4,33,0,1.2577
sulfuric,硫酸,H2SO4,33,10,1.2504
sulfuric,硫酸,H2SO4,33,15,1.2468
sulfuric,硫酸,H2SO4,33,20,1.2432
sulfuric,硫酸,H2SO4,33,25,1.2396
sulfuric,硫酸,H2SO4,33,30,1.2360
sulfuric,硫酸,H2SO4,33,40,1.2289
sulfuric,硫酸,H2SO4,33,50,1.2218
sulfuric,硫酸,H2SO4,33,60,1.2148
sulfuric,硫酸,H2SO4,33,80,1.2008
sulfuric,硫酸,H2SO4,33,100,1.1866
sulfuric,硫酸,H2SO4,34,0,1.2661
sulfuric,硫酸,H2SO4,34,10,1.2588
sulfuric,硫酸,H2SO4,34,15,1.2552
sulfuric,硫酸,H2SO4,34,20,1.2515
sulfuric,硫酸,H2SO4,34,25,1.2479
sulfuric,硫酸,H2SO4,34,30,1.2443
sulfuric,硫酸,H2SO4,34,40,1.2371
sulfuric,硫酸,H2SO4,34,50,1.2300
sulfuric,硫酸,H2SO4,34,60,1.2229
sulfuric,硫酸,H2SO4,34,80,1.2088
sulfuric,硫酸,H2SO4,34,100,1.1946
sulfuric,硫酸,H2SO4,35,0,1.2746
sulfuric,硫酸,H2SO4,35,10,1.2672
sulfuric,硫酸,H2SO4,35,15,1.2636
sulfuric,硫酸,H2SO4,35,20,1.2599
sulfuric,硫酸,H2SO4,35,25,1.2563
sulfuric,硫酸,H2SO4,35,30,1.2526
sulfuric,硫酸,H2SO4,35,40,1.2454
sulfuric,硫酸,H2SO4,35,50,1.2383
sulfuric,硫酸,H2SO4,35,60,1.2311
sulfuric,硫酸,H2SO4,35,80,1.2169
sulfuric,硫酸,H2SO4,35,100,1.2027
sulfuric,硫酸,H2SO4,36,0,1.2831
sulfuric,硫酸,H2SO4,36,10,1.2757
sulfuric,硫酸,H2SO4,36,15,1.2720
sulfuric,硫酸,H2SO4,36,20,1.2684
sulfuric,硫酸,H2SO4,36,25,1.2647
sulfuric,硫酸,H2SO4,36,30,1.2610
sulfuric,硫酸,H2SO4,36,40,1.2538
sulfuric,硫酸,H2SO4,36,50,1.2466
sulfuric,硫酸,H2SO4,36,60,1.2394
sulfuric,硫酸,H2SO4,36,80,1.2251
sulfuric,硫酸,H2SO4,36,100,1.2109
sulfuric,硫酸,H2SO4,37,0,1.2917
sulfuric,硫酸,H2SO4,37,10,1.2843
sulfuric,硫酸,H2SO4,37,15,1.2805
sulfuric,硫酸,H2SO4,37,20,1.2769
sulfuric,硫酸,H2SO4,37,25,1.2732
sulfuric,硫酸,H2SO4,37,30,1.2695
sulfuric,硫酸,H2SO4,37,40,1.2622
sulfuric,硫酸,H2SO4,37,50,1.2550
sulfuric,硫酸,H2SO4,37,60,1.2477
sulfuric,硫酸,H2SO4,37,80,1.2334
sulfuric,硫酸,H2SO4,37,100,1.2192
sulfuric,硫酸,H2SO4,38,0,1.3004
sulfuric,硫酸,H2SO4,38,10,1.2929
sulfuric,硫酸,H2SO4,38,15,1.2891
sulfuric,硫酸,H2SO4,38,20,1.2855
sulfuric,硫酸,H2SO4,38,25,1.2818
sulfuric,硫酸,H2SO4,38,30,1.2780
sulfuric,硫酸,H2SO4,38,40,1.2707
sulfuric,硫酸,H2SO4,38,50,1.2635
sulfuric,硫酸,H2SO4,38,60,1.2561
sulfuric,硫酸,H2SO4,38,80,1.2418
sulfuric,硫酸,H2SO4,38,100,1.2276
sulfuric,硫酸,H2SO4,39,0,1.3091
sulfuric,硫酸,H2SO4,39,10,1.3016
sulfuric,硫酸,H2SO4,39,15,1.2978
sulfuric,硫酸,H2SO4,39,20,1.2941
sulfuric,硫酸,H2SO4,39,25,1.2904
sulfuric,硫酸,H2SO4,39,30,1.2866
sulfuric,硫酸,H2SO4,39,40,1.2793
sulfuric,硫酸,H2SO4,39,50,1.2720
sulfuric,硫酸,H2SO4,39,60,1.2646
sulfuric,硫酸,H2SO4,39,80,1.2503
sulfuric,硫酸,H2SO4,39,100,1.2361
sulfuric,硫酸,H2SO4,40,0,1.3179
sulfuric,硫酸,H2SO4,40,10,1.3103
sulfuric,硫酸,H2SO4,40,15,1.3065
sulfuric,硫酸,H2SO4,40,20,1.3028
sulfuric,硫酸,H2SO4,40,25,1.2991
sulfuric,硫酸,H2SO4,40,30,1.2953
sulfuric,硫酸,H2SO4,40,40,1.2880
sulfuric,硫酸,H2SO4,40,50,1.2806
sulfuric,硫酸,H2SO4,40,60,1.2732
sulfuric,硫酸,H2SO4,40,80,1.2589
sulfuric,硫酸,H2SO4,40,100,1.2446
sulfuric,硫酸,H2SO4,41,0,1.3268
sulfuric,硫酸,H2SO4,41,10,1.3191
sulfuric,硫酸,H2SO4,41,15,1.3153
sulfuric,硫酸,H2SO4,41,20,1.3116
sulfuric,硫酸,H2SO4,41,25,1.3079
sulfuric,硫酸,H2SO4,41,30,1.3041
sulfuric,硫酸,H2SO4,41,40,1.2967
sulfuric,硫酸,H2SO4,41,50,1.2893
sulfuric,硫酸,H2SO4,41,60,1.2819
sulfuric,硫酸,H2SO4,41,80,1.2675
sulfuric,硫酸,H2SO4,41,100,1.2532
sulfuric,硫酸,H2SO4,42,0,1.3357
sulfuric,硫酸,H2SO4,42,10,1.3280
sulfuric,硫酸,H2SO4,42,15,1.3242
sulfuric,硫酸,H2SO4,42,20,1.3205
sulfuric,硫酸,H2SO4,42,25,1.3167
sulfuric,硫酸,H2SO4,42,30,1.3129
sulfuric,硫酸,H2SO4,42,40,1.3055
sulfuric,硫酸,H2SO4,42,50,1.2981
sulfuric,硫酸,H2SO4,42,60,1.2907
sulfuric,硫酸,H2SO4,42,80,1.2762
sulfuric,硫酸,H2SO4,42,100,1.2619
sulfuric,硫酸,H2SO4,43,0,1.3447
sulfuric,硫酸,H2SO4,43,10,1.3370
sulfuric,硫酸,H2SO4,43,15,1.3332
sulfuric,硫酸,H2SO4,43,20,1.3294
sulfuric,硫酸,H2SO4,43,25,1.3256
sulfuric,硫酸,H2SO4,43,30,1.3218
sulfuric,硫酸,H2SO4,43,40,1.3144
sulfuric,硫酸,H2SO4,43,50,1.3070
sulfuric,硫酸,H2SO4,43,60,1.2996
sulfuric,硫酸,H2SO4,43,80,1.2850
sulfuric,硫酸,H2SO4,43,100,1.2707
sulfuric,硫酸,H2SO4,44,0,1.3538
sulfuric,硫酸,H2SO4,44,10,1.3461
sulfuric,硫酸,H2SO4,44,15,1.3423
sulfuric,硫酸,H2SO4,44,20,1.3384
sulfuric,硫酸,H2SO4,44,25,1.3346
sulfuric,硫酸,H2SO4,44,30,1.3308
sulfuric,硫酸,H2SO4,44,40,1.3234
sulfuric,硫酸,H2SO4,44,50,1.3160
sulfuric,硫酸,H2SO4,44,60,1.3086
sulfuric,硫酸,H2SO4,44,80,1.2939
sulfuric,硫酸,H2SO4,44,100,1.2796
sulfuric,硫酸,H2SO4,45,0,1.3630
sulfuric,硫酸,H2SO4,45,10,1.3553
sulfuric,硫酸,H2SO4,45,15,1.3515
sulfuric,硫酸,H2SO4,45,20,1.3476
sulfuric,硫酸,H2SO4,45,25,1.3437
sulfuric,硫酸,H2SO4,45,30,1.3399
sulfuric,硫酸,H2SO4,45,40,1.3325
sulfuric,硫酸,H2SO4,45,50,1.3251
sulfuric,硫酸,H2SO4,45,60,1.3177
sulfuric,硫酸,H2SO4,45,80,1.3029
sulfuric,硫酸,H2SO4,45,100,1.2886
sulfuric,硫酸,H2SO4,46,0,1.3724
sulfuric,硫酸,H2SO4,46,10,1.3646
sulfuric,硫酸,H2SO4,46,15,1.3608
sulfuric,硫酸,H2SO4,46,20,1.3569
sulfuric,硫酸,H2SO4,46,25,1.3530
sulfuric,硫酸,H2SO4,46,30,1.3492
sulfuric,硫酸,H2SO4,46,40,1.3417
sulfuric,硫酸,H2SO4,46,50,1.3343
sulfuric,硫酸,H2SO4,46,60,1.3269
sulfuric,硫酸,H2SO4,46,80,1.3120
sulfuric,硫酸,H2SO4,46,100,1.2976
sulfuric,硫酸,H2SO4,47,0,1.3819
sulfuric,硫酸,H2SO4,47,10,1.3740
sulfuric,硫酸,H2SO4,47,15,1.3702
sulfuric,硫酸,H2SO4,47,20,1.3663
sulfuric,硫酸,H2SO4,47,25,1.3624
sulfuric,硫酸,H2SO4,47,30,1.3586
sulfuric,硫酸,H2SO4,47,40,1.3510
sulfuric,硫酸,H2SO4,47,50,1.3435
sulfuric,硫酸,H2SO4,47,60,1.3362
sulfuric,硫酸,H2SO4,47,80,1.3212
sulfuric,硫酸,H2SO4,47,100,1.3067
sulfuric,硫酸,H2SO4,48,0,1.3915
sulfuric,硫酸,H2SO4,48,10,1.3835
sulfuric,硫酸,H2SO4,48,15,1.3797
sulfuric,硫酸,H2SO4,48,20,1.3758
sulfuric,硫酸,H2SO4,48,25,1.3719
sulfuric,硫酸,H2SO4,48,30,1.3680
sulfuric,硫酸,H2SO4,48,40,1.3604
sulfuric,硫酸,H2SO4,48,50,1.3528
sulfuric,硫酸,H2SO4,48,60,1.3455
sulfuric,硫酸,H2SO4,48,80,1.3305
sulfuric,硫酸,H2SO4,48,100,1.3159
sulfuric,硫酸,H2SO4,49,0,1.4012
sulfuric,硫酸,H2SO4,49,10,1.3931
sulfuric,硫酸,H2SO4,49,15,1.3893
sulfuric,硫酸,H2SO4,49,20,1.3854
sulfuric,硫酸,H2SO4,49,25,1.3814
sulfuric,硫酸,H2SO4,49,30,1.3775
sulfuric,硫酸,H2SO4,49,40,1.3699
sulfuric,硫酸,H2SO4,49,50,1.3623
sulfuric,硫酸,H2SO4,49,60,1.3549
sulfuric,硫酸,H2SO4,49,80,1.3399
sulfuric,硫酸,H2SO4,49,100,1.3253
sulfuric,硫酸,H2SO4,50,0,1.4110
sulfuric,硫酸,H2SO4,50,10,1.4029
sulfuric,硫酸,H2SO4,50,15,1.3990
sulfuric,硫酸,H2SO4,50,20,1.3951
sulfuric,硫酸,H2SO4,50,25,1.3911
sulfuric,硫酸,H2SO4,50,30,1.3872
sulfuric,硫酸,H2SO4,50,40,1.3795
sulfuric,硫酸,H2SO4,50,50,1.3719
sulfuric,硫酸,H2SO4,50,60,1.3644
sulfuric,硫酸,H2SO4,50,80,1.3494
sulfuric,硫酸,H2SO4,50,100,1.3348
sulfuric,硫酸,H2SO4,51,0,1.4209
sulfuric,硫酸,H2SO4,51,10,1.4128
sulfuric,硫酸,H2SO4,51,15,1.4088
sulfuric,硫酸,H2SO4,51,20,1.4049
sulfuric,硫酸,H2SO4,51,25,1.4009
sulfuric,硫酸,H2SO4,51,30,1.3970
sulfuric,硫酸,H2SO4,51,40,1.3893
sulfuric,硫酸,H2SO4,51,50,1.3816
sulfuric,硫酸,H2SO4,51,60,1.3740
sulfuric,硫酸,H2SO4,51,80,1.3590
sulfuric,硫酸,H2SO4,51,100,1.3444
sulfuric,硫酸,H2SO4,52,0,1.4310
sulfuric,硫酸,H2SO4,52,10,1.4228
sulfuric,硫酸,H2SO4,52,15,1.4188
sulfuric,硫酸,H2SO4,52,20,1.4148
sulfuric,硫酸,H2SO4,52,25,1.4109
sulfuric,硫酸,H2SO4,52,30,1.4069
sulfuric,硫酸,H2SO4,52,40,1.3991
sulfuric,硫酸,H2SO4,52,50,1.3914
sulfuric,硫酸,H2SO4,52,60,1.3837
sulfuric,硫酸,H2SO4,52,80,1.3687
sulfuric,硫酸,H2SO4,52,100,1.3540
sulfuric,硫酸,H2SO4,53,0,1.4412
sulfuric,硫酸,H2SO4,53,10,1.4329
sulfuric,硫酸,H2SO4,53,15,1.4289
sulfuric,硫酸,H2SO4,53,20,1.4248
sulfuric,硫酸,H2SO4,53,25,1.4209
sulfuric,硫酸,H2SO4,53,30,1.4169
sulfuric,硫酸,H2SO4,53,40,1.4091
sulfuric,硫酸,H2SO4,53,50,1.4013
sulfuric,硫酸,H2SO4,53,60,1.3996
sulfuric,硫酸,H2SO4,53,80,1.3785
sulfuric,硫酸,H2SO4,53,100,1.3637
sulfuric,硫酸,H2SO4,54,0,1.4515
sulfuric,硫酸,H2SO4,54,10,1.4431
sulfuric,硫酸,H2SO4,54,15,1.4391
sulfuric,硫酸,H2SO4,54,20,1.4350
sulfuric,硫酸,H2SO4,54,25,1.4310
sulfuric,硫酸,H2SO4,54,30,1.4270
sulfuric,硫酸,H2SO4,54,40,1.4191
sulfuric,硫酸,H2SO4,54,50,1.4113
sulfuric,硫酸,H2SO4,54,60,1.4036
sulfuric,硫酸,H2SO4,54,80,1.3884
sulfuric,硫酸,H2SO4,54,100,1.3735
sulfuric,硫酸,H2SO4,55,0,1.4619
sulfuric,硫酸,H2SO4,55,10,1.4535
sulfuric,硫酸,H2SO4,55,15,1.4494
sulfuric,硫酸,H2SO4,55,20,1.4453
sulfuric,硫酸,H2SO4,55,25,1.4412
sulfuric,硫酸,H2SO4,55,30,1.4372
sulfuric,硫酸,H2SO4,55,40,1.4293
sulfuric,硫酸,H2SO4,55,50,1.4214
sulfuric,硫酸,H2SO4,55,60,1.4137
sulfuric,硫酸,H2SO4,55,80,1.3984
sulfuric,硫酸,H2SO4,55,100,1.3834
sulfuric,硫酸,H2SO4,56,0,1.4724
sulfuric,硫酸,H2SO4,56,10,1.4640
sulfuric,硫酸,H2SO4,56,15,1.4598
sulfuric,硫酸,H2SO4,56,20,1.4557
sulfuric,硫酸,H2SO4,56,25,1.4516
sulfuric,硫酸,H2SO4,56,30,1.4475
sulfuric,硫酸,H2SO4,56,40,1.4396
sulfuric,硫酸,H2SO4,56,50,1.4317
sulfuric,硫酸,H2SO4,56,60,1.4239
sulfuric,硫酸,H2SO4,56,80,1.4085
sulfuric,硫酸,H2SO4,56,100,1.3934
sulfuric,硫酸,H2SO4,57,0,1.4830
sulfuric,硫酸,H2SO4,57,10,1.4746
sulfuric,硫酸,H2SO4,57,15,1.4703
sulfuric,硫酸,H2SO4,57,20,1.4662
sulfuric,硫酸,H2SO4,57,25,1.4621
sulfuric,硫酸,H2SO4,57,30,1.4580
sulfuric,硫酸,H2SO4,57,40,1.4500
sulfuric,硫酸,H2SO4,57,50,1.4420
sulfuric,硫酸,H2SO4,57,60,1.4342
sulfuric,硫酸,H2SO4,57,80,1.4187
sulfuric,硫酸,H2SO4,57,100,1.4035
sulfuric,硫酸,H2SO4,58,0,1.4937
sulfuric,硫酸,H2SO4,58,10,1.4852
sulfuric,硫酸,H2SO4,58,15,1.4809
sulfuric,硫酸,H2SO4,58,20,1.4768
sulfuric,硫酸,H2SO4,58,25,1.4726
sulfuric,硫酸,H2SO4,58,30,1.4685
sulfuric,硫酸,H2SO4,58,40,1.4604
sulfuric,硫酸,H2SO4,58,50,1.4524
sulfuric,硫酸,H2SO4,58,60,1.4446
sulfuric,硫酸,H2SO4,58,80,1.4290
sulfuric,硫酸,H2SO4,58,100,1.4137
sulfuric,硫酸,H2SO4,59,0,1.5045
sulfuric,硫酸,H2SO4,59,10,1.4959
sulfuric,硫酸,H2SO4,59,15,1.4916
sulfuric,硫酸,H2SO4,59,20,1.4875
sulfuric,硫酸,H2SO4,59,25,1.4832
sulfuric,硫酸,H2SO4,59,30,1.4791
sulfuric,硫酸,H2SO4,59,40,1.4709
sulfuric,硫酸,H2SO4,59,50,1.4629
sulfuric,硫酸,H2SO4,59,60,1.4551
sulfuric,硫酸,H2SO4,59,80,1.4393
sulfuric,硫酸,H2SO4,59,100,1.4240
sulfuric,硫酸,H2SO4,60,0,1.5154
sulfuric,硫酸,H2SO4,60,10,1.5067
sulfuric,硫酸,H2SO4,60,15,1.5024
sulfuric,硫酸,H2SO4,60,20,1.4983
sulfuric,硫酸,H2SO4,60,25,1.4940
sulfuric,硫酸,H2SO4,60,30,1.4898
sulfuric,硫酸,H2SO4,60,40,1.4816
sulfuric,硫酸,H2SO4,60,50,1.4735
sulfuric,硫酸,H2SO4,60,60,1.4656
sulfuric,硫酸,H2SO4,60,80,1.4497
sulfuric,硫酸,H2SO4,60,100,1.4344
sulfuric,硫酸,H2SO4,61,0,1.5264
sulfuric,硫酸,H2SO4,61,10,1.5177
sulfuric,硫酸,H2SO4,61,15,1.5133
sulfuric,硫酸,H2SO4,61,20,1.5091
sulfuric,硫酸,H2SO4,61,25,1.5048
sulfuric,硫酸,H2SO4,61,30,1.5006
sulfuric,硫酸,H2SO4,61,40,1.4923
sulfuric,硫酸,H2SO4,61,50,1.4842
sulfuric,硫酸,H2SO4,61,60,1.4762
sulfuric,硫酸,H2SO4,61,80,1.4602
sulfuric,硫酸,H2SO4,61,100,1.4449
sulfuric,硫酸,H2SO4,62,0,1.5375
sulfuric,硫酸,H2SO4,62,10,1.5287
sulfuric,硫酸,H2SO4,62,15,1.5243
sulfuric,硫酸,H2SO4,62,20,1.5200
sulfuric,硫酸,H2SO4,62,25,1.5157
sulfuric,硫酸,H2SO4,62,30,1.5115
sulfuric,硫酸,H2SO4,62,40,1.5031
sulfuric,硫酸,H2SO4,62,50,1.4950
sulfuric,硫酸,H2SO4,62,60,1.4869
sulfuric,硫酸,H2SO4,62,80,1.4708
sulfuric,硫酸,H2SO4,62,100,1.4554
sulfuric,硫酸,H2SO4,63,0,1.5487
sulfuric,硫酸,H2SO4,63,10,1.5398
sulfuric,硫酸,H2SO4,63,15,1.5354
sulfuric,硫酸,H2SO4,63,20,1.5310
sulfuric,硫酸,H2SO4,63,25,1.5267
sulfuric,硫酸,H2SO4,63,30,1.5225
sulfuric,硫酸,H2SO4,63,40,1.5140
sulfuric,硫酸,H2SO4,63,50,1.5058
sulfuric,硫酸,H2SO4,63,60,1.4977
sulfuric,硫酸,H2SO4,63,80,1.4815
sulfuric,硫酸,H2SO4,63,100,1.4660
sulfuric,硫酸,H2SO4,64,0,1.5600
sulfuric,硫酸,H2SO4,64,10,1.5510
sulfuric,硫酸,H2SO4,64,15,1.5465
sulfuric,硫酸,H2SO4,64,20,1.5421
sulfuric,硫酸,H2SO4,64,25,1.5378
sulfuric,硫酸,H2SO4,64,30,1.5335
sulfuric,硫酸,H2SO4,64,40,1.5250
sulfuric,硫酸,H2SO4,64,50,1.5167
sulfuric,硫酸,H2SO4,64,60,1.5086
sulfuric,硫酸,H2SO4,64,80,1.4923
sulfuric,硫酸,H2SO4,64,100,1.4766
sulfuric,硫酸,H2SO4,65,0,1.5714
sulfuric,硫酸,H2SO4,65,10,1.5623
sulfuric,硫酸,H2SO4,65,15,1.5578
sulfuric,硫酸,H2SO4,65,20,1.5533
sulfuric,硫酸,H2SO4,65,25,1.5490
sulfuric,硫酸,H2SO4,65,30,1.5446
sulfuric,硫酸,H2SO4,65,40,1.5361
sulfuric,硫酸,H2SO4,65,50,1.5277
sulfuric,硫酸,H2SO4,65,60,1.5195
sulfuric,硫酸,H2SO4,65,80,1.5031
sulfuric,硫酸,H2SO4,65,100,1.4873
sulfuric,硫酸,H2SO4,66,0,1.5828
sulfuric,硫酸,H2SO4,66,10,1.5736
sulfuric,硫酸,H2SO4,66,15,1.5691
sulfuric,硫酸,H2SO4,66,20,1.5646
sulfuric,硫酸,H2SO4,66,25,1.5602
sulfuric,硫酸,H2SO4,66,30,1.5558
sulfuric,硫酸,H2SO4,66,40,1.5472
sulfuric,硫酸,H2SO4,66,50,1.5388
sulfuric,硫酸,H2SO4,66,60,1.5305
sulfuric,硫酸,H2SO4,66,80,1.5140
sulfuric,硫酸,H2SO4,66,100,1.4981
sulfuric,硫酸,H2SO4,67,0,1.5943
sulfuric,硫酸,H2SO4,67,10,1.5850
sulfuric,硫酸,H2SO4,67,15,1.5805
sulfuric,硫酸,H2SO4,67,20,1.5760
sulfuric,硫酸,H2SO4,67,25,1.5715
sulfuric,硫酸,H2SO4,67,30,1.5671
sulfuric,硫酸,H2SO4,67,40,1.5584
sulfuric,硫酸,H2SO4,67,50,1.5499
sulfuric,硫酸,H2SO4,67,60,1.5416
sulfuric,硫酸,H2SO4,67,80,1.5249
sulfuric,硫酸,H2SO4,67,100,1.5089
sulfuric,硫酸,H2SO4,68,0,1.6059
sulfuric,硫酸,H2SO4,68,10,1.5965
sulfuric,硫酸,H2SO4,68,15,1.5920
sulfuric,硫酸,H2SO4,68,20,1.5874
sulfuric,硫酸,H2SO4,68,25,1.5829
sulfuric,硫酸,H2SO4,68,30,1.5785
sulfuric,硫酸,H2SO4,68,40,1.5697
sulfuric,硫酸,H2SO4,68,50,1.5611
sulfuric,硫酸,H2SO4,68,60,1.5528
sulfuric,硫酸,H2SO4,68,80,1.5359
sulfuric,硫酸,H2SO4,68,100,1.5198
sulfuric,硫酸,H2SO4,69,0,1.6176
sulfuric,硫酸,H2SO4,69,10,1.6081
sulfuric,硫酸,H2SO4,69,15,1.6035
sulfuric,硫酸,H2SO4,69,20,1.5989
sulfuric,硫酸,H2SO4,69,25,1.5944
sulfuric,硫酸,H2SO4,69,30,1.5899
sulfuric,硫酸,H2SO4,69,40,1.5811
sulfuric,硫酸,H2SO4,69,50,1.5724
sulfuric,硫酸,H2SO4,69,60,1.5640
sulfuric,硫酸,H2SO4,69,80,1.5470
sulfuric,硫酸,H2SO4,69,100,1.5307
sulfuric,硫酸,H2SO4,70,0,1.6293
sulfuric,硫酸,H2SO4,70,10,1.6198
sulfuric,硫酸,H2SO4,70,15,1.6151
sulfuric,硫酸,H2SO4,70,20,1.6105
sulfuric,硫酸,H2SO4,70,25,1.6059
sulfuric,硫酸,H2SO4,70,30,1.6014
sulfuric,硫酸,H2SO4,70,40,1.5925
sulfuric,硫酸,H2SO4,70,50,1.5838
sulfuric,硫酸,H2SO4,70,60,1.5753
sulfuric,硫酸,H2SO4,70,80,1.5582
sulfuric,硫酸,H2SO4,70,100,1.5417
sulfuric,硫酸,H2SO4,71,0,1.6411
sulfuric,硫酸,H2SO4,71,10,1.6315
sulfuric,硫酸,H2SO4,71,15,1.6268
sulfuric,硫酸,H2SO4,71,20,1.6221
sulfuric,硫酸,H2SO4,71,25,1.6175
sulfuric,硫酸,H2SO4,71,30,1.6130
sulfuric,硫酸,H2SO4,71,40,1.6040
sulfuric,硫酸,H2SO4,71,50,1.5952
sulfuric,硫酸,H2SO4,71,60,1.5867
sulfuric,硫酸,H2SO4,71,80,1.5694
sulfuric,硫酸,H2SO4,71,100,1.5527
sulfuric,硫酸,H2SO4,72,0,1.6529
sulfuric,硫酸,H2SO4,72,10,1.6433
sulfuric,硫酸,H2SO4,72,15,1.6385
sulfuric,硫酸,H2SO4,72,20,1.6338
sulfuric,硫酸,H2SO4,72,25,1.6292
sulfuric,硫酸,H2SO4,72,30,1.6246
sulfuric,硫酸,H2SO4,72,40,1.6155
sulfuric,硫酸,H2SO4,72,50,1.6067
sulfuric,硫酸,H2SO4,72,60,1.5981
sulfuric,硫酸,H2SO4,72,80,1.5806
sulfuric,硫酸,H2SO4,72,100,1.5637
sulfuric,硫酸,H2SO4,73,0,1.6648
sulfuric,硫酸,H2SO4,73,10,1.6551
sulfuric,硫酸,H2SO4,73,15,1.6503
sulfuric,硫酸,H2SO4,73,20,1.6456
sulfuric,硫酸,H2SO4,73,25,1.6409
sulfuric,硫酸,H2SO4,73,30,1.6363
sulfuric,硫酸,H2SO4,73,40,1.6271
sulfuric,硫酸,H2SO4,73,50,1.6182
sulfuric,硫酸,H2SO4,73,60,1.6095
sulfuric,硫酸,H2SO4,73,80,1.5919
sulfuric,硫酸,H2SO4,73,100,1.5747
sulfuric,硫酸,H2SO4,74,0,1.6768
sulfuric,硫酸,H2SO4,74,10,1.6670
sulfuric,硫酸,H2SO4,74,15,1.6622
sulfuric,硫酸,H2SO4,74,20,1.6574
sulfuric,硫酸,H2SO4,74,25,1.6526
sulfuric,硫酸,H2SO4,74,30,1.6480
sulfuric,硫酸,H2SO4,74,40,1.6387
sulfuric,硫酸,H2SO4,74,50,1.6297
sulfuric,硫酸,H2SO4,74,60,1.6209
sulfuric,硫酸,H2SO4,74,80,1.6031
sulfuric,硫酸,H2SO4,74,100,1.5857
sulfuric,硫酸,H2SO4,75,0,1.6888
sulfuric,硫酸,H2SO4,75,10,1.6789
sulfuric,硫酸,H2SO4,75,15,1.6740
sulfuric,硫酸,H2SO4,75,20,1.6692
sulfuric,硫酸,H2SO4,75,25,1.6644
sulfuric,硫酸,H2SO4,75,30,1.6597
sulfuric,硫酸,H2SO4,75,40,1.6503
sulfuric,硫酸,H2SO4,75,50,1.6412
sulfuric,硫酸,H2SO4,75,60,1.6322
sulfuric,硫酸,H2SO4,75,80,1.6142
sulfuric,硫酸,H2SO4,75,100,1.5966
sulfuric,硫酸,H2SO4,76,0,1.7008
sulfuric,硫酸,H2SO4,76,10,1.6908
sulfuric,硫酸,H2SO4,76,15,1.6858
sulfuric,硫酸,H2SO4,76,20,1.6810
sulfuric,硫酸,H2SO4,76,25,1.6761
sulfuric,硫酸,H2SO4,76,30,1.6713
sulfuric,硫酸,H2SO4,76,40,1.6619
sulfuric,硫酸,H2SO4,76,50,1.6526
sulfuric,硫酸,H2SO4,76,60,1.6435
sulfuric,硫酸,H2SO4,76,80,1.6252
sulfuric,硫酸,H2SO4,76,100,1.6074
sulfuric,硫酸,H2SO4,77,0,1.7128
sulfuric,硫酸,H2SO4,77,10,1.7026
sulfuric,硫酸,H2SO4,77,15,1.6976
sulfuric,硫酸,H2SO4,77,20,1.6927
sulfuric,硫酸,H2SO4,77,25,1.6878
sulfuric,硫酸,H2SO4,77,30,1.6829
sulfuric,硫酸,H2SO4,77,40,1.6734
sulfuric,硫酸,H2SO4,77,50,1.6640
sulfuric,硫酸,H2SO4,77,60,1.6547
sulfuric,硫酸,H2SO4,77,80,1.6361
sulfuric,硫酸,H2SO4,77,100,1.6181
sulfuric,硫酸,H2SO4,78,0,1.7247
sulfuric,硫酸,H2SO4,78,10,1.7144
sulfuric,硫酸,H2SO4,78,15,1.7093
sulfuric,硫酸,H2SO4,78,20,1.7043
sulfuric,硫酸,H2SO4,78,25,1.6994
sulfuric,硫酸,H2SO4,78,30,1.6944
sulfuric,硫酸,H2SO4,78,40,1.6847
sulfuric,硫酸,H2SO4,78,50,1.6751
sulfuric,硫酸,H2SO4,78,60,1.6657
sulfuric,硫酸,H2SO4,78,80,1.6469
sulfuric,硫酸,H2SO4,78,100,1.6286
sulfuric,硫酸,H2SO4,79,0,1.7365
sulfuric,硫酸,H2SO4,79,10,1.7261
sulfuric,硫酸,H2SO4,79,15,1.7209
sulfuric,硫酸,H2SO4,79,20,1.7158
sulfuric,硫酸,H2SO4,79,25,1.7108
sulfuric,硫酸,H2SO4,79,30,1.7058
sulfuric,硫酸,H2SO4,79,40,1.6959
sulfuric,硫酸,H2SO4,79,50,1.6862
sulfuric,硫酸,H2SO4,79,60,1.6766
sulfuric,硫酸,H2SO4,79,80,1.6575
sulfuric,硫酸,H2SO4,79,100,1.6390
sulfuric,硫酸,H2SO4,80,0,1.7482
sulfuric,硫酸,H2SO4,80,10,1.7376
sulfuric,硫酸,H2SO4,80,15,1.7323
sulfuric,硫酸,H2SO4,80,20,1.7272
sulfuric,硫酸,H2SO4,80,25,1.7221
sulfuric,硫酸,H2SO4,80,30,1.7170
sulfuric,硫酸,H2SO4,80,40,1.7069
sulfuric,硫酸,H2SO4,80,50,1.6971
sulfuric,硫酸,H2SO4,80,60,1.6873
sulfuric,硫酸,H2SO4,80,80,1.6680
sulfuric,硫酸,H2SO4,80,100,1.6493
sulfuric,硫酸,H2SO4,81,0,1.7597
sulfuric,硫酸,H2SO4,81,10,1.7489
sulfuric,硫酸,H2SO4,81,15,1.7435
sulfuric,硫酸,H2SO4,81,20,1.7383
sulfuric,硫酸,H2SO4,81,25,1.7331
sulfuric,硫酸,H2SO4,81,30,1.7279
sulfuric,硫酸,H2SO4,81,40,1.7177
sulfuric,硫酸,H2SO4,81,50,1.7077
sulfuric,硫酸,H2SO4,81,60,1.6978
sulfuric,硫酸,H2SO4,81,80,1.6782
sulfuric,硫酸,H2SO4,81,100,1.6594
sulfuric,硫酸,H2SO4,82,0,1.7709
sulfuric,硫酸,H2SO4,82,10,1.7599
sulfuric,硫酸,H2SO4,82,15,1.7544
sulfuric,硫酸,H2SO4,82,20,1.7491
sulfuric,硫酸,H2SO4,82,25,1.7437
sulfuric,硫酸,H2SO4,82,30,1.7385
sulfuric,硫酸,H2SO4,82,40,1.7281
sulfuric,硫酸,H2SO4,82,50,1.7180
sulfuric,硫酸,H2SO4,82,60,1.7080
sulfuric,硫酸,H2SO4,82,80,1.6882
sulfuric,硫酸,H2SO4,82,100,1.6692
sulfuric,硫酸,H2SO4,83,0,1.7815
sulfuric,硫酸,H2SO4,83,10,1.7704
sulfuric,硫酸,H2SO4,83,15,1.7649
sulfuric,硫酸,H2SO4,83,20,1.7594
sulfuric,硫酸,H2SO4,83,25,1.7540
sulfuric,硫酸,H2SO4,83,30,1.7487
sulfuric,硫酸,H2SO4,83,40,1.7382
sulfuric,硫酸,H2SO4,83,50,1.7279
sulfuric,硫酸,H2SO4,83,60,1.7179
sulfuric,硫酸,H2SO4,83,80,1.6979
sulfuric,硫酸,H2SO4,83,100,1.6787
sulfuric,硫酸,H2SO4,84,0,1.7916
sulfuric,硫酸,H2SO4,84,10,1.7804
sulfuric,硫酸,H2SO4,84,15,1.7748
sulfuric,硫酸,H2SO4,84,20,1.7693
sulfuric,硫酸,H2SO4,84,25,1.7639
sulfuric,硫酸,H2SO4,84,30,1.7585
sulfuric,硫酸,H2SO4,84,40,1.7479
sulfuric,硫酸,H2SO4,84,50,1.7375
sulfuric,硫酸,H2SO4,84,60,1.7274
sulfuric,硫酸,H2SO4,84,80,1.7072
sulfuric,硫酸,H2SO4,84,100,1.6878
sulfuric,硫酸,H2SO4,85,0,1.8009
sulfuric,硫酸,H2SO4,85,10,1.7897
sulfuric,硫酸,H2SO4,85,15,1.7841
sulfuric,硫酸,H2SO4,85,20,1.7786
sulfuric,硫酸,H2SO4,85,25,1.7732
sulfuric,硫酸,H2SO4,85,30,1.7678
sulfuric,硫酸,H2SO4,85,40,1.7571
sulfuric,硫酸,H2SO4,85,50,1.7466
sulfuric,硫酸,H2SO4,85,60,1.7364
sulfuric,硫酸,H2SO4,85,80,1.7161
sulfuric,硫酸,H2SO4,85,100,1.6966
sulfuric,硫酸,H2SO4,86,0,1.8095
sulfuric,硫酸,H2SO4,86,10,1.7983
sulfuric,硫酸,H2SO4,86,15,1.7927
sulfuric,硫酸,H2SO4,86,20,1.7872
sulfuric,硫酸,H2SO4,86,25,1.7818
sulfuric,硫酸,H2SO4,86,30,1.7763
sulfuric,硫酸,H2SO4,86,40,1.7657
sulfuric,硫酸,H2SO4,86,50,1.7552
sulfuric,硫酸,H2SO4,86,60,1.7449
sulfuric,硫酸,H2SO4,86,80,1.7245
sulfuric,硫酸,H2SO4,86,100,1.7050
sulfuric,硫酸,H2SO4,87,0,1.8173
sulfuric,硫酸,H2SO4,87,10,1.8061
sulfuric,硫酸,H2SO4,87,15,1.8006
sulfuric,硫酸,H2SO4,87,20,1.7951
sulfuric,硫酸,H2SO4,87,25,1.7897
sulfuric,硫酸,H2SO4,87,30,1.7842
sulfuric,硫酸,H2SO4,87,40,1.7736
sulfuric,硫酸,H2SO4,87,50,1.7632
sulfuric,硫酸,H2SO4,87,60,1.7529
sulfuric,硫酸,H2SO4,87,80,1.7324
sulfuric,硫酸,H2SO4,87,100,1.7129
sulfuric,硫酸,H2SO4,88,0,1.8243
sulfuric,硫酸,H2SO4,88,10,1.8132
sulfuric,硫酸,H2SO4,88,15,1.8077
sulfuric,硫酸,H2SO4,88,20,1.8022
sulfuric,硫酸,H2SO4,88,25,1.7968
sulfuric,硫酸,H2SO4,88,30,1.7914
sulfuric,硫酸,H2SO4,88,40,1.7809
sulfuric,硫酸,H2SO4,88,50,1.7705
sulfuric,硫酸,H2SO4,88,60,1.7602
sulfuric,硫酸,H2SO4,88,80,1.7397
sulfuric,硫酸,H2SO4,88,100,1.7202
sulfuric,硫酸,H2SO4,89,0,1.8306
sulfuric,硫酸,H2SO4,89,10,1.8195
sulfuric,硫酸,H2SO4,89,15,1.8141
sulfuric,硫酸,H2SO4,89,20,1.8087
sulfuric,硫酸,H2SO4,89,25,1.8033
sulfuric,硫酸,H2SO4,89,30,1.7979
sulfuric,硫酸,H2SO4,89,40,1.7874
sulfuric,硫酸,H2SO4,89,50,1.7770
sulfuric,硫酸,H2SO4,89,60,1.7669
sulfuric,硫酸,H2SO4,89,80,1.7464
sulfuric,硫酸,H2SO4,89,100,1.7269
sulfuric,硫酸,H2SO4,90,0,1.8361
sulfuric,硫酸,H2SO4,90,10,1.8252
sulfuric,硫酸,H2SO4,90,15,1.8198
sulfuric,硫酸,H2SO4,90,20,1.8144
sulfuric,硫酸,H2SO4,90,25,1.8091
sulfuric,硫酸,H2SO4,90,30,1.8038
sulfuric,硫酸,H2SO4,90,40,1.7933
sulfuric,硫酸,H2SO4,90,50,1.7829
sulfuric,硫酸,H2SO4,90,60,1.7729
sulfuric,硫酸,H2SO4,90,80,1.7525
sulfuric,硫酸,H2SO4,90,100,1.7331
sulfuric,硫酸,H2SO4,91,0,1.8410
sulfuric,硫酸,H2SO4,91,10,1.8302
sulfuric,硫酸,H2SO4,91,15,1.8248
sulfuric,硫酸,H2SO4,91,20,1.8195
sulfuric,硫酸,H2SO4,91,25,1.8142
sulfuric,硫酸,H2SO4,91,30,1.8090
sulfuric,硫酸,H2SO4,91,40,1.7986
sulfuric,硫酸,H2SO4,91,50,1.7883
sulfuric,硫酸,H2SO4,91,60,1.7783
sulfuric,硫酸,H2SO4,91,80,1.7581
sulfuric,硫酸,H2SO4,91,100,1.7388
sulfuric,硫酸,H2SO4,92,0,1.8453
sulfuric,硫酸,H2SO4,92,10,1.8346
sulfuric,硫酸,H2SO4,92,15,1.8293
sulfuric,硫酸,H2SO4,92,20,1.8240
sulfuric,硫酸,H2SO4,92,25,1.8188
sulfuric,硫酸,H2SO4,92,30,1.8136
sulfuric,硫酸,H2SO4,92,40,1.8033
sulfuric,硫酸,H2SO4,92,50,1.7932
sulfuric,硫酸,H2SO4,92,60,1.7832
sulfuric,硫酸,H2SO4,92,80,1.7633
sulfuric,硫酸,H2SO4,92,100,1.7439
sulfuric,硫酸,H2SO4,93,0,1.8490
sulfuric,硫酸,H2SO4,93,10,1.8384
sulfuric,硫酸,H2SO4,93,15,1.8331
sulfuric,硫酸,H2SO4,93,20,1.8279
sulfuric,硫酸,H2SO4,93,25,1.8227
sulfuric,硫酸,H2SO4,93,30,1.8176
sulfuric,硫酸,H2SO4,93,40,1.8074
sulfuric,硫酸,H2SO4,93,50,1.7974
sulfuric,硫酸,H2SO4,93,60,1.7876
sulfuric,硫酸,H2SO4,93,80,1.7681
sulfuric,硫酸,H2SO4,93,100,1.7485
sulfuric,硫酸,H2SO4,94,0,1.8520
sulfuric,硫酸,H2SO4,94,10,1.8415
sulfuric,硫酸,H2SO4,94,15,1.8363
sulfuric,硫酸,H2SO4,94,20,1.8312
sulfuric,硫酸,H2SO4,94,25,1.8260
sulfuric,硫酸,H2SO4,94,30,1.8210
sulfuric,硫酸,H2SO4,94,40,1.8109
sulfuric,硫酸,H2SO4,94,50,1.8011
sulfuric,硫酸,H2SO4,94,60,1.7914
sulfuric,硫酸,H2SO4,95,0,1.8544
sulfuric,硫酸,H2SO4,95,10,1.8439
sulfuric,硫酸,H2SO4,95,15,1.8388
sulfuric,硫酸,H2SO4,95,20,1.8337
sulfuric,硫酸,H2SO4,95,25,1.8286
sulfuric,硫酸,H2SO4,95,30,1.8236
sulfuric,硫酸,H2SO4,95,40,1.8137
sulfuric,硫酸,H2SO4,95,50,1.8040
sulfuric,硫酸,H2SO4,95,60,1.7944
sulfuric,硫酸,H2SO4,96,0,1.8560
sulfuric,硫酸,H2SO4,96,10,1.8457
sulfuric,硫酸,H2SO4,96,15,1.8406
sulfuric,硫酸,H2SO4,96,20,1.8355
sulfuric,硫酸,H2SO4,96,25,1.8305
sulfuric,硫酸,H2SO4,96,30,1.8255
sulfuric,硫酸,H2SO4,96,40,1.8157
sulfuric,硫酸,H2SO4,96,50,1.8060
sulfuric,硫酸,H2SO4,96,60,1.7965
sulfuric,硫酸,H2SO4,97,0,1.8569
sulfuric,硫酸,H2SO4,97,10,1.8466
sulfuric,硫酸,H2SO4,97,15,1.8414
sulfuric,硫酸,H2SO4,97,20,1.8364
sulfuric,硫酸,H2SO4,97,25,1.8314
sulfuric,硫酸,H2SO4,97,30,1.8264
sulfuric,硫酸,H2SO4,97,40,1.8166
sulfuric,硫酸,H2SO4,97,50,1.8071
sulfuric,硫酸,H2SO4,97,60,1.7977
sulfuric,硫酸,H2SO4,98,0,1.8567
sulfuric,硫酸,H2SO4,98,10,1.8463
sulfuric,硫酸,H2SO4,98,15,1.8411
sulfuric,硫酸,H2SO4,98,20,1.8361
sulfuric,硫酸,H2SO4,98,25,1.8310
sulfuric,硫酸,H2SO4,98,30,1.8261
sulfuric,硫酸,H2SO4,98,40,1.8163
sulfuric,硫酸,H2SO4,98,50,1.8068
sulfuric,硫酸,H2SO4,98,60,1.7976
sulfuric,硫酸,H2SO4,99,0,1.8551
sulfuric,硫酸,H2SO4,99,10,1.8445
sulfuric,硫酸,H2SO4,99,15,1.8393
sulfuric,硫酸,H2SO4,99,20,1.8342
sulfuric,硫酸,H2SO4,99,25,1.8292
sulfuric,硫酸,H2SO4,99,30,1.8242
sulfuric,硫酸,H2SO4,99,40,1.8145
sulfuric,硫酸,H2SO4,99,50,1.8050
sulfuric,硫酸,H2SO4,99,60,1.7958
sulfuric,硫酸,H2SO4,100,0,1.8517
sulfuric,硫酸,H2SO4,100,10,1.8409
sulfuric,硫酸,H2SO4,100,15,1.8357
sulfuric,硫酸,H2SO4,100,20,1.8305
sulfuric,硫酸,H2SO4,100,25,1.8255
sulfuric,硫酸,H2SO4,100,30,1.8205
sulfuric,硫酸,H2SO4,100,40,1.8107
sulfuric,硫酸,H2SO4,100,50,1.8013
sulfuric,硫酸,H2SO4,100,60,1.7922
hydrochloric,盐酸,HCl,1,-5,1.0048
hydrochloric,盐酸,HCl,1,0,1.0052
hydrochloric,盐酸,HCl,1,10,1.0048
hydrochloric,盐酸,HCl,1,20,1.0032
hydrochloric,盐酸,HCl,1,40,0.997
hydrochloric,盐酸,HCl,1,60,0.9881
hydrochloric,盐酸,HCl,1,80,0.9768
hydrochloric,盐酸,HCl,1,100,0.9636
hydrochloric,盐酸,HCl,2,-5,1.0104
hydrochloric,盐酸,HCl,2,0,1.0106
hydrochloric,盐酸,HCl,2,10,1.01
hydrochloric,盐酸,HCl,2,20,1.0082
hydrochloric,盐酸,HCl,2,40,1.0019
hydrochloric,盐酸,HCl,2,60,0.993
hydrochloric,盐酸,HCl,2,80,0.9819
hydrochloric,盐酸,HCl,2,100,0.9688
hydrochloric,盐酸,HCl,4,-5,1.0213
hydrochloric,盐酸,HCl,4,0,1.0213
hydrochloric,盐酸,HCl,4,10,1.0202
hydrochloric,盐酸,HCl,4,20,1.0181
hydrochloric,盐酸,HCl,4,40,1.0116
hydrochloric,盐酸,HCl,4,60,1.0026
hydrochloric,盐酸,HCl,4,80,0.9919
hydrochloric,盐酸,HCl,4,100,0.9791
hydrochloric,盐酸,HCl,6,-5,1.0321
hydrochloric,盐酸,HCl,6,0,1.0319
hydrochloric,盐酸,HCl,6,10,1.0303
hydrochloric,盐酸,HCl,6,20,1.0279
hydrochloric,盐酸,HCl,6,40,1.0211
hydrochloric,盐酸,HCl,6,60,1.0121
hydrochloric,盐酸,HCl,6,80,1.0016
hydrochloric,盐酸,HCl,6,100,0.9892
hydrochloric,盐酸,HCl,8,-5,1.0428
hydrochloric,盐酸,HCl,8,0,1.0423
hydrochloric,盐酸,HCl,8,10,1.0403
hydrochloric,盐酸,HCl,8,20,1.0376
hydrochloric,盐酸,HCl,8,40,1.0305
hydrochloric,盐酸,HCl,8,60,1.0215
hydrochloric,盐酸,HCl,8,80,1.0111
hydrochloric,盐酸,HCl,8,100,0.9992
hydrochloric,盐酸,HCl,10,-5,1.0536
hydrochloric,盐酸,HCl,10,0,1.0528
hydrochloric,盐酸,HCl,10,10,1.0504
hydrochloric,盐酸,HCl,10,20,1.0474
hydrochloric,盐酸,HCl,10,40,1.04
hydrochloric,盐酸,HCl,10,60,1.031
hydrochloric,盐酸,HCl,10,80,1.0206
hydrochloric,盐酸,HCl,10,100,1.009
hydrochloric,盐酸,HCl,12,-5,1.0645
hydrochloric,盐酸,HCl,12,0,1.0634
hydrochloric,盐酸,HCl,12,10,1.0607
hydrochloric,盐酸,HCl,12,20,1.0574
hydrochloric,盐酸,HCl,12,40,1.0497
hydrochloric,盐酸,HCl,12,60,1.0406
hydrochloric,盐酸,HCl,12,80,1.0302
hydrochloric,盐酸,HCl,12,100,1.0188
hydrochloric,盐酸,HCl,14,-5,1.0754
hydrochloric,盐酸,HCl,14,0,1.0741
hydrochloric,盐酸,HCl,14,10,1.0711
hydrochloric,盐酸,HCl,14,20,1.0675
hydrochloric,盐酸,HCl,14,40,1.0594
hydrochloric,盐酸,HCl,14,60,1.0502
hydrochloric,盐酸,HCl,14,80,1.0398
hydrochloric,盐酸,HCl,14,100,1.0286
hydrochloric,盐酸,HCl,16,-5,1.0864
hydrochloric,盐酸,HCl,16,0,1.0849
hydrochloric,盐酸,HCl,16,10,1.0815
hydrochloric,盐酸,HCl,16,20,1.0776
hydrochloric,盐酸,HCl,16,40,1.0692
hydrochloric,盐酸,HCl,16,60,1.0598
hydrochloric,盐酸,HCl,16,80,1.0494
hydrochloric,盐酸,HCl,16,100,1.0383
hydrochloric,盐酸,HCl,18,-5,1.0975
hydrochloric,盐酸,HCl,18,0,1.0958
hydrochloric,盐酸,HCl,18,10,1.092
hydrochloric,盐酸,HCl,18,20,1.0878
hydrochloric,盐酸,HCl,18,40,1.079
hydrochloric,盐酸,HCl,18,60,1.0694
hydrochloric,盐酸,HCl,18,80,1.059
hydrochloric,盐酸,HCl,18,100,1.0479
hydrochloric,盐酸,HCl,20,-5,1.1087
hydrochloric,盐酸,HCl,20,0,1.1067
hydrochloric,盐酸,HCl,20,10,1.1025
hydrochloric,盐酸,HCl,20,20,1.098
hydrochloric,盐酸,HCl,20,40,1.0888
hydrochloric,盐酸,HCl,20,60,1.079
hydrochloric,盐酸,HCl,20,80,1.0685
hydrochloric,盐酸,HCl,20,100,1.0574
hydrochloric,盐酸,HCl,22,-5,1.12
hydrochloric,盐酸,HCl,22,0,1.1177
hydrochloric,盐酸,HCl,22,10,1.1131
hydrochloric,盐酸,HCl,22,20,1.1083
hydrochloric,盐酸,HCl,22,40,1.0986
hydrochloric,盐酸,HCl,22,60,1.0886
hydrochloric,盐酸,HCl,22,80,1.078
hydrochloric,盐酸,HCl,22,100,1.0668
hydrochloric,盐酸,HCl,24,-5,1.1314
hydrochloric,盐酸,HCl,24,0,1.1287
hydrochloric,盐酸,HCl,24,10,1.1238
hydrochloric,盐酸,HCl,24,20,1.1187
hydrochloric,盐酸,HCl,24,40,1.1085
hydrochloric,盐酸,HCl,24,60,1.0982
hydrochloric,盐酸,HCl,24,80,1.0874
hydrochloric,盐酸,HCl,24,100,1.0761
hydrochloric,盐酸,HCl,26,-5,1.1426
hydrochloric,盐酸,HCl,26,0,1.1396
hydrochloric,盐酸,HCl,26,10,1.1344
hydrochloric,盐酸,HCl,26,20,1.129
hydrochloric,盐酸,HCl,26,40,1.1183
hydrochloric,盐酸,HCl,26,60,1.1076
hydrochloric,盐酸,HCl,26,80,1.0967
hydrochloric,盐酸,HCl,26,100,1.0853
hydrochloric,盐酸,HCl,28,-5,1.1537
hydrochloric,盐酸,HCl,28,0,1.1505
hydrochloric,盐酸,HCl,28,10,1.1449
hydrochloric,盐酸,HCl,28,20,1.1392
hydrochloric,盐酸,HCl,28,40,1.128
hydrochloric,盐酸,HCl,28,60,1.1169
hydrochloric,盐酸,HCl,28,80,1.1058
hydrochloric,盐酸,HCl,28,100,1.0942
hydrochloric,盐酸,HCl,30,-5,1.1648
hydrochloric,盐酸,HCl,30,0,1.1613
hydrochloric,盐酸,HCl,30,10,1.1553
hydrochloric,盐酸,HCl,30,20,1.1493
hydrochloric,盐酸,HCl,30,40,1.1376
hydrochloric,盐酸,HCl,30,60,1.126
hydrochloric,盐酸,HCl,30,80,1.1149
hydrochloric,盐酸,HCl,30,100,1.103
hydrochloric,盐酸,HCl,32,-5,1.1814
hydrochloric,盐酸,HCl,32,0,1.1763
hydrochloric,盐酸,HCl,32,10,1.1674
hydrochloric,盐酸,HCl,32,20,1.1593
hydrochloric,盐酸,HCl,32,40,1.1471
hydrochloric,盐酸,HCl,32,60,1.1359
hydrochloric,盐酸,HCl,32,80,1.1246
hydrochloric,盐酸,HCl,32,100,1.1126
hydrochloric,盐酸,HCl,34,-5,1.1929
hydrochloric,盐酸,HCl,34,0,1.1876
hydrochloric,盐酸,HCl,34,10,1.1781
hydrochloric,盐酸,HCl,34,20,1.1691
hydrochloric,盐酸,HCl,34,40,1.1566
hydrochloric,盐酸,HCl,34,60,1.1452
hydrochloric,盐酸,HCl,34,80,1.1339
hydrochloric,盐酸,HCl,34,100,1.1216
hydrochloric,盐酸,HCl,36,-5,1.2043
hydrochloric,盐酸,HCl,36,0,1.1988
hydrochloric,盐酸,HCl,36,10,1.1889
hydrochloric,盐酸,HCl,36,20,1.1789
hydrochloric,盐酸,HCl,36,40,1.1661
hydrochloric,盐酸,HCl,36,60,1.1544
hydrochloric,盐酸,HCl,36,80,1.1432
hydrochloric,盐酸,HCl,36,100,1.1305
hydrochloric,盐酸,HCl,38,-5,1.2156
hydrochloric,盐酸,HCl,38,0,1.21
hydrochloric,盐酸,HCl,38,10,1.1996
hydrochloric,盐酸,HCl,38,20,1.1885
hydrochloric,盐酸,HCl,38,40,1.1754
hydrochloric,盐酸,HCl,38,60,1.1635
hydrochloric,盐酸,HCl,38,80,1.1525
hydrochloric,盐酸,HCl,38,100,1.1393
hydrochloric,盐酸,HCl,40,20,1.198
